/*
 Navicat Premium Dump SQL

 Source Server         : task
 Source Server Type    : MySQL
 Source Server Version : 80036 (8.0.36)
 Source Host           : 54.179.253.64:3306
 Source Schema         : task_platform

 Target Server Type    : MySQL
 Target Server Version : 80036 (8.0.36)
 File Encoding         : 65001

 Date: 21/03/2026 10:56:30
*/

SET NAMES utf8mb4;
SET FOREIGN_KEY_CHECKS = 0;

-- ----------------------------
-- Table structure for admin_system_notification
-- ----------------------------
DROP TABLE IF EXISTS `admin_system_notification`;
CREATE TABLE `admin_system_notification`  (
  `id` int UNSIGNED NOT NULL AUTO_INCREMENT,
  `type` enum('recharge','withdraw','agent','magnifier','rental','ticket','system') CHARACTER SET utf8mb4 COLLATE utf8mb4_unicode_ci NOT NULL COMMENT 'é€ڑçں¥ç±»ه‍‹',
  `title` varchar(100) CHARACTER SET utf8mb4 COLLATE utf8mb4_unicode_ci NOT NULL COMMENT 'é€ڑçں¥و ‡é¢ک',
  `content` text CHARACTER SET utf8mb4 COLLATE utf8mb4_unicode_ci NOT NULL COMMENT 'é€ڑçں¥ه†…ه®¹',
  `status` tinyint(1) NOT NULL DEFAULT 0 COMMENT 'çٹ¶و€پï¼ڑ0-وœھè¯»ï¼Œ1-ه·²è¯»',
  `priority` tinyint(1) NOT NULL DEFAULT 0 COMMENT 'ن¼که…ˆç؛§ï¼ڑ0-و™®é€ڑï¼Œ1-é‡چè¦پ',
  `data` json NULL COMMENT 'é™„هٹ و•°وچ®',
  `created_at` datetime NOT NULL DEFAULT CURRENT_TIMESTAMP COMMENT 'هˆ›ه»؛و—¶é—´',
  `updated_at` datetime NOT NULL DEFAULT CURRENT_TIMESTAMP ON UPDATE CURRENT_TIMESTAMP COMMENT 'و›´و–°و—¶é—´',
  PRIMARY KEY (`id`) USING BTREE,
  INDEX `idx_type_status`(`type` ASC, `status` ASC) USING BTREE,
  INDEX `idx_created_at`(`created_at` ASC) USING BTREE
) ENGINE = InnoDB AUTO_INCREMENT = 39 CHARACTER SET = utf8mb4 COLLATE = utf8mb4_unicode_ci COMMENT = 'ç³»ç»ںé€ڑçں¥è،¨' ROW_FORMAT = DYNAMIC;

-- ----------------------------
-- Records of admin_system_notification
-- ----------------------------
INSERT INTO `admin_system_notification` VALUES (1, 'recharge', 'ه……ه€¼ه®،و ¸وڈگé†’', 'وœ‰1و‌،ه……ه€¼ç”³è¯·ه¾…ه®،و ¸', 1, 1, '{\"count\": 1}', '2026-03-09 20:31:01', '2026-03-09 20:32:46');
INSERT INTO `admin_system_notification` VALUES (2, 'system', 'ç³»ç»ںé€ڑçں¥', '{content}', 1, 0, '{\"count\": 0}', '2026-03-09 21:13:46', '2026-03-09 21:15:38');
INSERT INTO `admin_system_notification` VALUES (3, 'system', 'ç³»ç»ںé€ڑçں¥', '{content}', 1, 0, '{\"count\": 0}', '2026-03-09 21:15:43', '2026-03-09 21:31:17');
INSERT INTO `admin_system_notification` VALUES (4, 'recharge', 'ه……ه€¼ه®،و ¸وڈگé†’', 'وœ‰1و‌،ه……ه€¼ç”³è¯·ه¾…ه®،و ¸', 1, 1, '{\"count\": 1}', '2026-03-09 21:20:02', '2026-03-09 21:31:17');
INSERT INTO `admin_system_notification` VALUES (5, 'system', 'ç³»ç»ںé€ڑçں¥', '{content}', 1, 0, '{\"count\": 0}', '2026-03-09 21:33:01', '2026-03-09 21:33:28');
INSERT INTO `admin_system_notification` VALUES (6, 'system', 'ç³»ç»ںé€ڑçں¥', '{content}', 1, 0, '{\"count\": 0}', '2026-03-10 12:45:07', '2026-03-11 12:45:19');
INSERT INTO `admin_system_notification` VALUES (7, 'system', 'ç³»ç»ںé€ڑçں¥', '{content}', 1, 0, '{\"count\": 0}', '2026-03-11 12:47:02', '2026-03-11 12:47:18');
INSERT INTO `admin_system_notification` VALUES (8, 'system', 'ç³»ç»ںé€ڑçں¥', '{content}', 1, 0, '{\"count\": 0}', '2026-03-11 12:49:02', '2026-03-11 12:49:26');
INSERT INTO `admin_system_notification` VALUES (9, 'system', 'ç³»ç»ںé€ڑçں¥', '{content}', 1, 0, '{\"count\": 0}', '2026-03-11 12:52:02', '2026-03-11 12:56:07');
INSERT INTO `admin_system_notification` VALUES (10, 'system', 'ç³»ç»ںé€ڑçں¥', '{content}', 1, 0, '{\"count\": 0}', '2026-03-11 12:59:03', '2026-03-11 12:59:27');
INSERT INTO `admin_system_notification` VALUES (11, 'system', 'ç³»ç»ںé€ڑçں¥', '{content}', 1, 0, '{\"count\": 0}', '2026-03-11 13:01:02', '2026-03-11 13:03:19');
INSERT INTO `admin_system_notification` VALUES (12, 'system', 'ç³»ç»ںé€ڑçں¥', '{content}', 1, 0, '{\"count\": 0}', '2026-03-11 13:03:32', '2026-03-11 15:48:02');
INSERT INTO `admin_system_notification` VALUES (13, 'withdraw', 'وڈگçژ°ه®،و ¸وڈگé†’', 'وœ‰1و‌،وڈگçژ°ç”³è¯·ه¾…ه®،و ¸', 1, 1, '{\"count\": 1}', '2026-03-11 15:43:36', '2026-03-11 17:30:01');
INSERT INTO `admin_system_notification` VALUES (14, 'system', 'ç³»ç»ںé€ڑçں¥', '{content}', 1, 0, '{\"count\": 0}', '2026-03-11 16:27:04', '2026-03-11 17:30:01');
INSERT INTO `admin_system_notification` VALUES (15, 'withdraw', 'وڈگçژ°ه®،و ¸وڈگé†’', 'وœ‰1و‌،وڈگçژ°ç”³è¯·ه¾…ه®،و ¸', 1, 1, '{\"count\": 1}', '2026-03-11 17:30:01', '2026-03-11 17:41:45');
INSERT INTO `admin_system_notification` VALUES (16, 'system', 'ç³»ç»ںé€ڑçں¥', '{content}', 1, 0, '{\"count\": 0}', '2026-03-11 17:30:02', '2026-03-11 17:41:45');
INSERT INTO `admin_system_notification` VALUES (17, 'withdraw', 'وڈگçژ°ه®،و ¸وڈگé†’', 'وœ‰1و‌،وڈگçژ°ç”³è¯·ه¾…ه®،و ¸', 1, 1, '{\"count\": 1}', '2026-03-11 17:42:02', '2026-03-11 17:42:03');
INSERT INTO `admin_system_notification` VALUES (18, 'system', 'ç³»ç»ںé€ڑçں¥', '{content}', 1, 0, '{\"count\": 0}', '2026-03-11 17:42:02', '2026-03-11 17:42:03');
INSERT INTO `admin_system_notification` VALUES (19, 'withdraw', 'وڈگçژ°ه®،و ¸وڈگé†’', 'وœ‰1و‌،وڈگçژ°ç”³è¯·ه¾…ه®،و ¸', 1, 1, '{\"count\": 1}', '2026-03-11 17:44:03', '2026-03-11 22:01:11');
INSERT INTO `admin_system_notification` VALUES (20, 'system', 'ç³»ç»ںé€ڑçں¥', '{content}', 1, 0, '{\"count\": 0}', '2026-03-11 17:44:03', '2026-03-11 22:01:11');
INSERT INTO `admin_system_notification` VALUES (21, 'withdraw', 'وڈگçژ°ه®،و ¸وڈگé†’', 'وœ‰1و‌،وڈگçژ°ç”³è¯·ه¾…ه®،و ¸', 1, 1, '{\"count\": 1}', '2026-03-11 22:01:13', '2026-03-11 22:01:32');
INSERT INTO `admin_system_notification` VALUES (22, 'system', 'ç³»ç»ںé€ڑçں¥', '{content}', 1, 0, '{\"count\": 0}', '2026-03-11 22:01:13', '2026-03-11 22:01:32');
INSERT INTO `admin_system_notification` VALUES (23, 'withdraw', 'وڈگçژ°ه®،و ¸وڈگé†’', 'وœ‰1و‌،وڈگçژ°ç”³è¯·ه¾…ه®،و ¸', 1, 1, '{\"count\": 1}', '2026-03-11 22:02:29', '2026-03-11 22:03:04');
INSERT INTO `admin_system_notification` VALUES (24, 'system', 'ç³»ç»ںé€ڑçں¥', '{content}', 1, 0, '{\"count\": 0}', '2026-03-11 22:02:29', '2026-03-11 22:03:04');
INSERT INTO `admin_system_notification` VALUES (25, 'withdraw', 'وڈگçژ°ه®،و ¸وڈگé†’', 'وœ‰1و‌،وڈگçژ°ç”³è¯·ه¾…ه®،و ¸', 1, 1, '{\"count\": 1}', '2026-03-11 22:03:29', '2026-03-11 22:22:39');
INSERT INTO `admin_system_notification` VALUES (26, 'system', 'ç³»ç»ںé€ڑçں¥', '{content}', 1, 0, '{\"count\": 0}', '2026-03-11 22:03:29', '2026-03-11 22:22:37');
INSERT INTO `admin_system_notification` VALUES (27, 'withdraw', 'وڈگçژ°ه®،و ¸وڈگé†’', 'وœ‰1و‌،وڈگçژ°ç”³è¯·ه¾…ه®،و ¸', 1, 1, '{\"count\": 1}', '2026-03-11 22:23:29', '2026-03-11 22:24:12');
INSERT INTO `admin_system_notification` VALUES (28, 'system', 'ç³»ç»ںé€ڑçں¥', '{content}', 1, 0, '{\"count\": 0}', '2026-03-11 22:23:29', '2026-03-11 22:24:12');
INSERT INTO `admin_system_notification` VALUES (29, 'withdraw', 'وڈگçژ°ه®،و ¸وڈگé†’', 'وœ‰1و‌،وڈگçژ°ç”³è¯·ه¾…ه®،و ¸', 1, 1, '{\"count\": 1}', '2026-03-11 22:24:29', '2026-03-14 13:47:56');
INSERT INTO `admin_system_notification` VALUES (30, 'system', 'ç³»ç»ںé€ڑçں¥', '{content}', 1, 0, '{\"count\": 0}', '2026-03-11 22:24:29', '2026-03-14 13:47:56');
INSERT INTO `admin_system_notification` VALUES (31, 'recharge', 'ه……ه€¼ه®،و ¸وڈگé†’', 'وœ‰1و‌،ه……ه€¼ç”³è¯·ه¾…ه®،و ¸', 1, 1, '{\"count\": 1}', '2026-03-11 22:40:29', '2026-03-14 13:47:56');
INSERT INTO `admin_system_notification` VALUES (32, 'magnifier', 'و”¾ه¤§é•œن»»هٹ،وڈگé†’', 'وœ‰1ن¸ھو–°çڑ„و”¾ه¤§é•œن»»هٹ،', 1, 0, '{\"count\": 1}', '2026-03-12 16:56:26', '2026-03-14 13:47:56');
INSERT INTO `admin_system_notification` VALUES (33, 'system', 'ç³»ç»ںé€ڑçں¥', '{content}', 1, 0, '{\"count\": 0}', '2026-03-14 13:48:26', '2026-03-15 20:35:24');
INSERT INTO `admin_system_notification` VALUES (34, 'recharge', 'ه……ه€¼ه®،و ¸وڈگé†’', 'وœ‰1و‌،ه……ه€¼ç”³è¯·ه¾…ه®،و ¸', 1, 1, '{\"count\": 1}', '2026-03-14 13:50:26', '2026-03-15 20:35:24');
INSERT INTO `admin_system_notification` VALUES (35, 'magnifier', 'و”¾ه¤§é•œن»»هٹ،وڈگé†’', 'وœ‰1ن¸ھو–°çڑ„و”¾ه¤§é•œن»»هٹ،', 1, 0, '{\"count\": 1}', '2026-03-14 14:21:26', '2026-03-15 20:35:24');
INSERT INTO `admin_system_notification` VALUES (36, 'withdraw', 'وڈگçژ°ه®،و ¸وڈگé†’', 'وœ‰1و‌،وڈگçژ°ç”³è¯·ه¾…ه®،و ¸', 1, 1, '{\"count\": 1}', '2026-03-14 22:30:27', '2026-03-15 20:35:24');
INSERT INTO `admin_system_notification` VALUES (37, 'system', 'ç³»ç»ںé€ڑçں¥', '{content}', 1, 0, '{\"count\": 0}', '2026-03-15 20:35:57', '2026-03-16 19:11:21');
INSERT INTO `admin_system_notification` VALUES (38, 'recharge', 'ه……ه€¼ه®،و ¸وڈگé†’', 'وœ‰1و‌،ه……ه€¼ç”³è¯·ه¾…ه®،و ¸', 1, 1, '{\"count\": 1}', '2026-03-15 23:33:57', '2026-03-16 19:11:19');

-- ----------------------------
-- Table structure for admin_system_notification_config
-- ----------------------------
DROP TABLE IF EXISTS `admin_system_notification_config`;
CREATE TABLE `admin_system_notification_config`  (
  `id` int UNSIGNED NOT NULL AUTO_INCREMENT,
  `code` varchar(50) CHARACTER SET utf8mb4 COLLATE utf8mb4_unicode_ci NOT NULL COMMENT 'é€ڑçں¥ç±»ه‍‹ç¼–ç پ',
  `name` varchar(100) CHARACTER SET utf8mb4 COLLATE utf8mb4_unicode_ci NOT NULL COMMENT 'é€ڑçں¥ç±»ه‍‹هگچç§°',
  `description` text CHARACTER SET utf8mb4 COLLATE utf8mb4_unicode_ci NULL COMMENT 'é€ڑçں¥ç±»ه‍‹وڈڈè؟°',
  `enabled` tinyint(1) NOT NULL DEFAULT 1 COMMENT 'وک¯هگ¦هگ¯ç”¨ï¼ڑ0-ç¦پç”¨ï¼Œ1-هگ¯ç”¨',
  `detection_interval` int UNSIGNED NOT NULL DEFAULT 60 COMMENT 'و£€وµ‹é—´éڑ”ï¼ˆç§’ï¼‰',
  `judgment_condition` text CHARACTER SET utf8mb4 COLLATE utf8mb4_unicode_ci NULL COMMENT 'é€ڑçں¥هˆ¤و–­و‌،ن»¶',
  `priority` tinyint(1) NOT NULL DEFAULT 0 COMMENT 'é»کè®¤ن¼که…ˆç؛§ï¼ڑ0-و™®é€ڑï¼Œ1-é‡چè¦پ',
  `notification_template` json NULL COMMENT 'é€ڑçں¥و¨،و‌؟',
  `created_at` datetime NOT NULL DEFAULT CURRENT_TIMESTAMP COMMENT 'هˆ›ه»؛و—¶é—´',
  `updated_at` datetime NOT NULL DEFAULT CURRENT_TIMESTAMP ON UPDATE CURRENT_TIMESTAMP COMMENT 'و›´و–°و—¶é—´',
  PRIMARY KEY (`id`) USING BTREE,
  UNIQUE INDEX `idx_code`(`code` ASC) USING BTREE,
  INDEX `idx_enabled`(`enabled` ASC) USING BTREE
) ENGINE = InnoDB AUTO_INCREMENT = 8 CHARACTER SET = utf8mb4 COLLATE = utf8mb4_unicode_ci COMMENT = 'é€ڑçں¥é…چç½®è،¨' ROW_FORMAT = DYNAMIC;

-- ----------------------------
-- Records of admin_system_notification_config
-- ----------------------------
INSERT INTO `admin_system_notification_config` VALUES (1, 'recharge', 'ه……ه€¼ه®،و ¸', 'و£€وµ‹ه……ه€¼ç”³è¯·ه¾…ه®،و ¸و•°é‡ڈ', 1, 60, 'count > 0', 1, '{\"title\": \"ه……ه€¼ه®،و ¸وڈگé†’\", \"content\": \"وœ‰{count}و‌،ه……ه€¼ç”³è¯·ه¾…ه®،و ¸\"}', '2026-03-09 20:16:21', '2026-03-09 20:16:21');
INSERT INTO `admin_system_notification_config` VALUES (2, 'withdraw', 'وڈگçژ°ه®،و ¸', 'و£€وµ‹وڈگçژ°ç”³è¯·ه¾…ه®،و ¸و•°é‡ڈ', 1, 60, 'count > 0', 1, '{\"title\": \"وڈگçژ°ه®،و ¸وڈگé†’\", \"content\": \"وœ‰{count}و‌،وڈگçژ°ç”³è¯·ه¾…ه®،و ¸\"}', '2026-03-09 20:16:21', '2026-03-09 20:16:21');
INSERT INTO `admin_system_notification_config` VALUES (3, 'agent', 'ه›¢é•؟ه®،و ¸', 'و£€وµ‹ه›¢é•؟ç”³è¯·ه¾…ه®،و ¸و•°é‡ڈ', 1, 60, 'count > 0', 1, '{\"title\": \"ه›¢é•؟ه®،و ¸وڈگé†’\", \"content\": \"وœ‰{count}و‌،ه›¢é•؟ç”³è¯·ه¾…ه®،و ¸\"}', '2026-03-09 20:16:21', '2026-03-09 20:16:21');
INSERT INTO `admin_system_notification_config` VALUES (4, 'magnifier', 'و”¾ه¤§é•œن»»هٹ،', 'و£€وµ‹و”¾ه¤§é•œن»»هٹ،و•°é‡ڈهڈکهŒ–', 1, 60, 'count > 0', 0, '{\"title\": \"و”¾ه¤§é•œن»»هٹ،وڈگé†’\", \"content\": \"وœ‰{count}ن¸ھو–°çڑ„و”¾ه¤§é•œن»»هٹ،\"}', '2026-03-09 20:16:21', '2026-03-09 20:16:21');
INSERT INTO `admin_system_notification_config` VALUES (5, 'rental', 'ç§ںèµپه¤„çگ†', 'و£€وµ‹ه¾…ه®¢وœچه¤„çگ†çڑ„ç§ںèµپè®¢هچ•', 1, 60, 'count > 0', 1, '{\"title\": \"ç§ںèµپه¤„çگ†وڈگé†’\", \"content\": \"وœ‰{count}ن¸ھç§ںèµپè®¢هچ•ه¾…ه¤„çگ†\"}', '2026-03-09 20:16:21', '2026-03-09 20:16:21');
INSERT INTO `admin_system_notification_config` VALUES (6, 'ticket', 'ه·¥هچ•ç®،çگ†', 'و£€وµ‹ه·¥هچ•ه¾…ه¤„çگ†و•°é‡ڈ', 1, 60, 'count > 0', 1, '{\"title\": \"ه·¥هچ•وڈگé†’\", \"content\": \"وœ‰{count}ن¸ھه·¥هچ•ه¾…ه¤„çگ†\"}', '2026-03-09 20:16:21', '2026-03-09 20:16:21');
INSERT INTO `admin_system_notification_config` VALUES (7, 'system', 'ç³»ç»ںé€ڑçں¥', 'ç³»ç»ںç؛§هˆ«çڑ„é€ڑçں¥', 1, 3600, 'true', 0, '{\"title\": \"ç³»ç»ںé€ڑçں¥\", \"content\": \"{content}\"}', '2026-03-09 20:16:21', '2026-03-09 20:16:21');

-- ----------------------------
-- Table structure for admin_system_notification_log
-- ----------------------------
DROP TABLE IF EXISTS `admin_system_notification_log`;
CREATE TABLE `admin_system_notification_log`  (
  `id` int UNSIGNED NOT NULL AUTO_INCREMENT,
  `detection_time` datetime NOT NULL DEFAULT CURRENT_TIMESTAMP COMMENT 'و£€وµ‹و—¶é—´',
  `has_new_notification` tinyint(1) NOT NULL DEFAULT 0 COMMENT 'وک¯هگ¦وœ‰و–°é€ڑçں¥ï¼ڑ0-و— ï¼Œ1-وœ‰',
  `notification_count` int UNSIGNED NOT NULL DEFAULT 0 COMMENT 'وœ¬و¬،و£€وµ‹و–°ه¢‍é€ڑçں¥و•°é‡ڈ',
  `detection_result` json NULL COMMENT 'و£€وµ‹ç»“و‍œè¯¦وƒ…',
  `created_at` datetime NOT NULL DEFAULT CURRENT_TIMESTAMP COMMENT 'هˆ›ه»؛و—¶é—´',
  PRIMARY KEY (`id`) USING BTREE,
  INDEX `idx_detection_time`(`detection_time` ASC) USING BTREE,
  INDEX `idx_has_new_notification`(`has_new_notification` ASC) USING BTREE
) ENGINE = InnoDB AUTO_INCREMENT = 30 CHARACTER SET = utf8mb4 COLLATE = utf8mb4_unicode_ci COMMENT = 'é€ڑçں¥و£€وµ‹و—¥ه؟—è،¨' ROW_FORMAT = DYNAMIC;

-- ----------------------------
-- Records of admin_system_notification_log
-- ----------------------------
INSERT INTO `admin_system_notification_log` VALUES (1, '2026-03-09 21:13:46', 1, 1, '{\"agent\": 0, \"rental\": 0, \"system\": 0, \"ticket\": 0, \"recharge\": 0, \"withdraw\": 0, \"magnifier\": 0}', '2026-03-09 21:13:46');
INSERT INTO `admin_system_notification_log` VALUES (2, '2026-03-09 21:15:43', 1, 1, '{\"agent\": 0, \"rental\": 0, \"system\": 0, \"ticket\": 0, \"recharge\": 0, \"withdraw\": 0, \"magnifier\": 0}', '2026-03-09 21:15:43');
INSERT INTO `admin_system_notification_log` VALUES (3, '2026-03-09 21:20:02', 1, 1, '{\"agent\": 0, \"rental\": 0, \"system\": 0, \"ticket\": 0, \"recharge\": 1, \"withdraw\": 0, \"magnifier\": 0}', '2026-03-09 21:20:02');
INSERT INTO `admin_system_notification_log` VALUES (4, '2026-03-09 21:33:02', 1, 1, '{\"agent\": 0, \"rental\": 0, \"system\": 0, \"ticket\": 0, \"recharge\": 0, \"withdraw\": 0, \"magnifier\": 0}', '2026-03-09 21:33:02');
INSERT INTO `admin_system_notification_log` VALUES (5, '2026-03-10 12:45:07', 1, 1, '{\"agent\": 0, \"rental\": 0, \"system\": 0, \"ticket\": 0, \"recharge\": 0, \"withdraw\": 0, \"magnifier\": 0}', '2026-03-10 12:45:07');
INSERT INTO `admin_system_notification_log` VALUES (6, '2026-03-11 12:47:02', 1, 1, '{\"agent\": 0, \"rental\": 0, \"system\": 0, \"ticket\": 0, \"recharge\": 0, \"withdraw\": 0, \"magnifier\": 0}', '2026-03-11 12:47:02');
INSERT INTO `admin_system_notification_log` VALUES (7, '2026-03-11 12:49:02', 1, 1, '{\"agent\": 0, \"rental\": 0, \"system\": 0, \"ticket\": 0, \"recharge\": 0, \"withdraw\": 0, \"magnifier\": 0}', '2026-03-11 12:49:02');
INSERT INTO `admin_system_notification_log` VALUES (8, '2026-03-11 12:52:02', 1, 1, '{\"agent\": 0, \"rental\": 0, \"system\": 0, \"ticket\": 0, \"recharge\": 0, \"withdraw\": 0, \"magnifier\": 0}', '2026-03-11 12:52:02');
INSERT INTO `admin_system_notification_log` VALUES (9, '2026-03-11 12:59:03', 1, 1, '{\"agent\": 0, \"rental\": 0, \"system\": 0, \"ticket\": 0, \"recharge\": 0, \"withdraw\": 0, \"magnifier\": 0}', '2026-03-11 12:59:03');
INSERT INTO `admin_system_notification_log` VALUES (10, '2026-03-11 13:01:03', 1, 1, '{\"agent\": 0, \"rental\": 0, \"system\": 0, \"ticket\": 0, \"recharge\": 0, \"withdraw\": 0, \"magnifier\": 0}', '2026-03-11 13:01:03');
INSERT INTO `admin_system_notification_log` VALUES (11, '2026-03-11 13:03:32', 1, 1, '{\"agent\": 0, \"rental\": 0, \"system\": 0, \"ticket\": 0, \"recharge\": 0, \"withdraw\": 0, \"magnifier\": 0}', '2026-03-11 13:03:32');
INSERT INTO `admin_system_notification_log` VALUES (12, '2026-03-11 15:43:36', 1, 1, '{\"agent\": 0, \"rental\": 0, \"system\": 0, \"ticket\": 0, \"recharge\": 0, \"withdraw\": 1, \"magnifier\": 0}', '2026-03-11 15:43:36');
INSERT INTO `admin_system_notification_log` VALUES (13, '2026-03-11 16:27:04', 1, 1, '{\"agent\": 0, \"rental\": 0, \"system\": 0, \"ticket\": 0, \"recharge\": 0, \"withdraw\": 1, \"magnifier\": 0}', '2026-03-11 16:27:04');
INSERT INTO `admin_system_notification_log` VALUES (14, '2026-03-11 17:30:02', 1, 2, '{\"agent\": 0, \"rental\": 0, \"system\": 0, \"ticket\": 0, \"recharge\": 0, \"withdraw\": 1, \"magnifier\": 0}', '2026-03-11 17:30:02');
INSERT INTO `admin_system_notification_log` VALUES (15, '2026-03-11 17:42:02', 1, 2, '{\"agent\": 0, \"rental\": 0, \"system\": 0, \"ticket\": 0, \"recharge\": 0, \"withdraw\": 1, \"magnifier\": 0}', '2026-03-11 17:42:02');
INSERT INTO `admin_system_notification_log` VALUES (16, '2026-03-11 17:44:03', 1, 2, '{\"agent\": 0, \"rental\": 0, \"system\": 0, \"ticket\": 0, \"recharge\": 0, \"withdraw\": 1, \"magnifier\": 0}', '2026-03-11 17:44:03');
INSERT INTO `admin_system_notification_log` VALUES (17, '2026-03-11 22:01:13', 1, 2, '{\"agent\": 0, \"system\": 0, \"recharge\": 0, \"withdraw\": 1, \"magnifier\": 0}', '2026-03-11 22:01:13');
INSERT INTO `admin_system_notification_log` VALUES (18, '2026-03-11 22:02:29', 1, 2, '{\"agent\": 0, \"system\": 0, \"recharge\": 0, \"withdraw\": 1, \"magnifier\": 0}', '2026-03-11 22:02:29');
INSERT INTO `admin_system_notification_log` VALUES (19, '2026-03-11 22:03:29', 1, 2, '{\"agent\": 0, \"system\": 0, \"recharge\": 0, \"withdraw\": 1, \"magnifier\": 0}', '2026-03-11 22:03:29');
INSERT INTO `admin_system_notification_log` VALUES (20, '2026-03-11 22:23:29', 1, 2, '{\"agent\": 0, \"system\": 0, \"recharge\": 0, \"withdraw\": 1, \"magnifier\": 0}', '2026-03-11 22:23:29');
INSERT INTO `admin_system_notification_log` VALUES (21, '2026-03-11 22:24:29', 1, 2, '{\"agent\": 0, \"system\": 0, \"recharge\": 0, \"withdraw\": 1, \"magnifier\": 0}', '2026-03-11 22:24:29');
INSERT INTO `admin_system_notification_log` VALUES (22, '2026-03-11 22:40:29', 1, 1, '{\"agent\": 0, \"system\": 0, \"recharge\": 1, \"withdraw\": 1, \"magnifier\": 0}', '2026-03-11 22:40:29');
INSERT INTO `admin_system_notification_log` VALUES (23, '2026-03-12 16:56:26', 1, 1, '{\"agent\": 0, \"system\": 0, \"recharge\": 2, \"withdraw\": 1, \"magnifier\": 1}', '2026-03-12 16:56:26');
INSERT INTO `admin_system_notification_log` VALUES (24, '2026-03-14 13:48:26', 1, 1, '{\"agent\": 0, \"system\": 0, \"recharge\": 0, \"withdraw\": 0, \"magnifier\": 0}', '2026-03-14 13:48:26');
INSERT INTO `admin_system_notification_log` VALUES (25, '2026-03-14 13:50:26', 1, 1, '{\"agent\": 0, \"system\": 0, \"recharge\": 1, \"withdraw\": 0, \"magnifier\": 0}', '2026-03-14 13:50:26');
INSERT INTO `admin_system_notification_log` VALUES (26, '2026-03-14 14:21:26', 1, 1, '{\"agent\": 0, \"system\": 0, \"recharge\": 0, \"withdraw\": 0, \"magnifier\": 1}', '2026-03-14 14:21:26');
INSERT INTO `admin_system_notification_log` VALUES (27, '2026-03-14 22:30:27', 1, 1, '{\"agent\": 0, \"system\": 0, \"recharge\": 1, \"withdraw\": 1, \"magnifier\": 2}', '2026-03-14 22:30:27');
INSERT INTO `admin_system_notification_log` VALUES (28, '2026-03-15 20:35:57', 1, 1, '{\"agent\": 0, \"rental\": 0, \"system\": 0, \"recharge\": 0, \"withdraw\": 0, \"magnifier\": 0}', '2026-03-15 20:35:57');
INSERT INTO `admin_system_notification_log` VALUES (29, '2026-03-15 23:33:57', 1, 1, '{\"agent\": 0, \"rental\": 0, \"system\": 0, \"recharge\": 1, \"withdraw\": 0, \"magnifier\": 0}', '2026-03-15 23:33:57');

-- ----------------------------
-- Table structure for admin_system_notification_magnifier_count
-- ----------------------------
DROP TABLE IF EXISTS `admin_system_notification_magnifier_count`;
CREATE TABLE `admin_system_notification_magnifier_count`  (
  `id` int UNSIGNED NOT NULL AUTO_INCREMENT,
  `current_count` int UNSIGNED NOT NULL DEFAULT 0 COMMENT 'ه½“ه‰چن»»هٹ،و•°é‡ڈ',
  `previous_count` int UNSIGNED NOT NULL DEFAULT 0 COMMENT 'ن¸ٹو¬،ن»»هٹ،و•°é‡ڈ',
  `updated_at` datetime NOT NULL DEFAULT CURRENT_TIMESTAMP ON UPDATE CURRENT_TIMESTAMP COMMENT 'و›´و–°و—¶é—´',
  `last_viewed_count` int NOT NULL DEFAULT 0 COMMENT 'ن¸ٹو¬،وں¥çœ‹و—¶çڑ„ن»»هٹ،و•°é‡ڈ',
  PRIMARY KEY (`id`) USING BTREE,
  INDEX `idx_updated_at`(`updated_at` ASC) USING BTREE
) ENGINE = InnoDB AUTO_INCREMENT = 6569 CHARACTER SET = utf8mb4 COLLATE = utf8mb4_unicode_ci COMMENT = 'و”¾ه¤§é•œن»»هٹ،و•°é‡ڈè®°ه½•è،¨' ROW_FORMAT = DYNAMIC;

-- ----------------------------
-- Records of admin_system_notification_magnifier_count
-- ----------------------------

-- ----------------------------
-- Table structure for admin_system_notification_timer
-- ----------------------------
DROP TABLE IF EXISTS `admin_system_notification_timer`;
CREATE TABLE `admin_system_notification_timer`  (
  `id` int NOT NULL AUTO_INCREMENT,
  `last_detection_time` datetime NOT NULL,
  `next_detection_time` datetime NOT NULL,
  `detection_interval` int NOT NULL DEFAULT 60,
  `status` tinyint NOT NULL DEFAULT 1,
  `created_at` datetime NOT NULL DEFAULT CURRENT_TIMESTAMP,
  `updated_at` datetime NOT NULL DEFAULT CURRENT_TIMESTAMP ON UPDATE CURRENT_TIMESTAMP,
  PRIMARY KEY (`id`) USING BTREE
) ENGINE = InnoDB AUTO_INCREMENT = 2 CHARACTER SET = utf8mb4 COLLATE = utf8mb4_unicode_ci COMMENT = 'و¶ˆوپ¯é€ڑçں¥و£€وµ‹è®،و—¶ه™¨ه€’è®،و—¶' ROW_FORMAT = DYNAMIC;

-- ----------------------------
-- Records of admin_system_notification_timer
-- ----------------------------
INSERT INTO `admin_system_notification_timer` VALUES (1, '2026-03-11 18:50:01', '2026-03-11 18:51:01', 60, 1, '2026-03-09 20:16:21', '2026-03-11 18:49:01');

-- ----------------------------
-- Table structure for agent_applications
-- ----------------------------
DROP TABLE IF EXISTS `agent_applications`;
CREATE TABLE `agent_applications`  (
  `id` bigint UNSIGNED NOT NULL AUTO_INCREMENT COMMENT 'ç”³è¯·ID',
  `c_user_id` bigint UNSIGNED NOT NULL COMMENT 'Cç«¯ç”¨وˆ·ID',
  `username` varchar(64) CHARACTER SET utf8mb4 COLLATE utf8mb4_unicode_ci NOT NULL COMMENT 'ç”¨وˆ·هگچï¼ˆه†—ن½™ه­—و®µï¼‰',
  `invite_code` varchar(6) CHARACTER SET utf8mb4 COLLATE utf8mb4_unicode_ci NOT NULL COMMENT 'é‚€è¯·ç پï¼ˆه†—ن½™ه­—و®µï¼‰',
  `apply_type` tinyint NOT NULL DEFAULT 1 COMMENT 'ç”³è¯·ç±»ه‍‹ï¼ڑ1=و™®é€ڑه›¢é•؟ï¼Œ2=é«کç؛§ه›¢é•؟',
  `valid_invites` int UNSIGNED NOT NULL DEFAULT 0 COMMENT 'وœ‰و•ˆé‚€è¯·ن؛؛و•°ï¼ˆç”³è¯·و—¶çڑ„ه؟«ç…§ï¼‰',
  `total_invites` int UNSIGNED NOT NULL DEFAULT 0 COMMENT 'و€»é‚€è¯·ن؛؛و•°ï¼ˆç”³è¯·و—¶çڑ„ه؟«ç…§ï¼‰',
  `status` tinyint NOT NULL DEFAULT 0 COMMENT 'ه®،و ¸çٹ¶و€پï¼ڑ0=ه¾…ه®،و ¸ï¼Œ1=ه®،و ¸é€ڑè؟‡ï¼Œ2=ه®،و ¸و‹’ç»‌',
  `reject_reason` varchar(500) CHARACTER SET utf8mb4 COLLATE utf8mb4_unicode_ci NULL DEFAULT NULL COMMENT 'و‹’ç»‌هژںه› ',
  `admin_id` bigint UNSIGNED NULL DEFAULT NULL COMMENT 'ه®،و ¸ç®،çگ†ه‘کID',
  `reviewed_at` datetime NULL DEFAULT NULL COMMENT 'ه®،و ¸و—¶é—´',
  `created_at` datetime NOT NULL DEFAULT CURRENT_TIMESTAMP COMMENT 'ç”³è¯·و—¶é—´',
  `updated_at` datetime NOT NULL DEFAULT CURRENT_TIMESTAMP ON UPDATE CURRENT_TIMESTAMP COMMENT 'و›´و–°و—¶é—´',
  PRIMARY KEY (`id`) USING BTREE,
  INDEX `idx_c_user_id`(`c_user_id` ASC) USING BTREE,
  INDEX `idx_status`(`status` ASC) USING BTREE,
  INDEX `idx_created_at`(`created_at` ASC) USING BTREE
) ENGINE = InnoDB AUTO_INCREMENT = 11 CHARACTER SET = utf8mb4 COLLATE = utf8mb4_unicode_ci COMMENT = 'ه›¢é•؟ç”³è¯·è،¨-Cç«¯ç”¨وˆ·ç”³è¯·وˆگن¸؛ه›¢é•؟' ROW_FORMAT = Dynamic;

-- ----------------------------
-- Records of agent_applications
-- ----------------------------
INSERT INTO `agent_applications` VALUES (1, 5, 'test', 'TX5ECJ', 1, 5, 0, 1, NULL, 1, '2026-03-09 21:24:51', '2026-03-09 21:24:51', '2026-03-09 21:24:51');
INSERT INTO `agent_applications` VALUES (2, 5, 'test', 'TX5ECJ', 2, 15, 0, 1, NULL, 1, '2026-03-09 21:24:53', '2026-03-09 21:24:53', '2026-03-09 21:24:53');
INSERT INTO `agent_applications` VALUES (3, 5, 'test', 'TX5ECJ', 2, 15, 0, 1, NULL, 1, '2026-03-14 23:46:01', '2026-03-14 23:46:01', '2026-03-14 23:46:01');
INSERT INTO `agent_applications` VALUES (4, 18, 'xiaoya', 'KZPAUU', 1, 5, 0, 1, NULL, 1, '2026-03-15 13:39:04', '2026-03-15 13:39:04', '2026-03-15 13:39:04');
INSERT INTO `agent_applications` VALUES (5, 22, 'SGYMQ', 'NB4FJA', 2, 15, 0, 1, NULL, 1, '2026-03-15 14:35:25', '2026-03-15 14:35:25', '2026-03-15 14:35:25');
INSERT INTO `agent_applications` VALUES (6, 42, 'xy25', 'UU4BBN', 1, 5, 0, 1, NULL, 1, '2026-03-16 13:16:01', '2026-03-16 13:16:01', '2026-03-16 13:16:01');
INSERT INTO `agent_applications` VALUES (7, 35, 'YUAN520', '2RUDMW', 1, 5, 0, 1, NULL, 1, '2026-03-16 13:16:21', '2026-03-16 13:16:21', '2026-03-16 13:16:21');
INSERT INTO `agent_applications` VALUES (8, 26, '1158799864', 'VH6XZ2', 1, 5, 0, 1, NULL, 1, '2026-03-16 13:16:57', '2026-03-16 13:16:57', '2026-03-16 13:16:57');
INSERT INTO `agent_applications` VALUES (9, 27, 'mjj20100316', 'CDXGAJ', 1, 5, 0, 1, NULL, 1, '2026-03-17 21:38:33', '2026-03-17 21:38:33', '2026-03-17 21:38:33');
INSERT INTO `agent_applications` VALUES (10, 18, 'xiaoya', 'KZPAUU', 2, 15, 0, 1, NULL, 1, '2026-03-17 21:46:47', '2026-03-17 21:46:47', '2026-03-17 21:46:47');

-- ----------------------------
-- Table structure for app_config
-- ----------------------------
DROP TABLE IF EXISTS `app_config`;
CREATE TABLE `app_config`  (
  `id` int UNSIGNED NOT NULL AUTO_INCREMENT COMMENT 'é…چç½®ID',
  `config_key` varchar(100) CHARACTER SET utf8mb4 COLLATE utf8mb4_unicode_ci NOT NULL COMMENT 'é…چç½®é”®هگچ',
  `config_value` text CHARACTER SET utf8mb4 COLLATE utf8mb4_unicode_ci NOT NULL COMMENT 'é…چç½®ه€¼',
  `config_type` varchar(20) CHARACTER SET utf8mb4 COLLATE utf8mb4_unicode_ci NOT NULL DEFAULT 'string' COMMENT 'é…چç½®ç±»ه‍‹ï¼ڑstring, int, float, boolean, json, array',
  `config_group` varchar(50) CHARACTER SET utf8mb4 COLLATE utf8mb4_unicode_ci NOT NULL DEFAULT 'general' COMMENT 'é…چç½®هˆ†ç»„ï¼ڑgeneral, withdraw, task, rentalç­‰',
  `description` varchar(200) CHARACTER SET utf8mb4 COLLATE utf8mb4_unicode_ci NULL DEFAULT NULL COMMENT 'é…چç½®وڈڈè؟°',
  `updated_at` datetime NOT NULL DEFAULT CURRENT_TIMESTAMP ON UPDATE CURRENT_TIMESTAMP COMMENT 'و›´و–°و—¶é—´',
  PRIMARY KEY (`id`) USING BTREE,
  UNIQUE INDEX `uk_config_key`(`config_key` ASC) USING BTREE,
  INDEX `idx_config_group`(`config_group` ASC) USING BTREE
) ENGINE = InnoDB AUTO_INCREMENT = 45 CHARACTER SET = utf8mb4 COLLATE = utf8mb4_unicode_ci COMMENT = 'ç½‘ç«™é…چç½®è،¨' ROW_FORMAT = Dynamic;

-- ----------------------------
-- Records of app_config
-- ----------------------------
INSERT INTO `app_config` VALUES (1, 'website', 'https://api.kktaskpaas.com/', 'string', 'general', 'ç½‘ç«™هœ°ه‌€', '2026-02-28 21:29:30');
INSERT INTO `app_config` VALUES (2, 'upload_path', './img', 'string', 'general', 'ن¸ٹن¼ و–‡ن»¶è·¯ه¾„', '2026-02-15 14:51:56');
INSERT INTO `app_config` VALUES (3, 'platform_fee_rate', '0.25', 'float', 'general', 'ه¹³هڈ°وٹ½وˆگو¯”ن¾‹ï¼ˆ0.25 = 25%ï¼‰', '2026-02-15 14:51:56');
INSERT INTO `app_config` VALUES (4, 'task_submit_timeout', '600', 'int', 'task', 'ن»»هٹ،وڈگن؛¤è¶…و—¶و—¶é—´ï¼ˆç§’ï¼‰', '2026-03-15 16:40:25');
INSERT INTO `app_config` VALUES (7, 'c_withdraw_min_amount', '1', 'int', 'withdraw', 'Cç«¯و¯ڈو¬،وڈگçژ°وœ€ن½ژé‡‘é¢‌ï¼ˆه…ƒï¼‰', '2026-02-23 20:53:03');
INSERT INTO `app_config` VALUES (8, 'c_withdraw_max_amount', '500', 'int', 'withdraw', 'Cç«¯و¯ڈو¬،وڈگçژ°وœ€é«کé‡‘é¢‌ï¼ˆه…ƒï¼‰', '2026-02-15 14:51:56');
INSERT INTO `app_config` VALUES (9, 'c_withdraw_amount_multiple', '1', 'int', 'withdraw', 'Cç«¯وڈگçژ°é‡‘é¢‌ه؟…é،»وک¯و­¤و•°çڑ„و•´و•°ه€چ', '2026-02-23 20:53:12');
INSERT INTO `app_config` VALUES (10, 'c_withdraw_daily_limit', '1000', 'int', 'withdraw', 'Cç«¯و¯ڈه¤©وڈگçژ°و€»é¢‌é™گهˆ¶ï¼ˆه…ƒï¼‰', '2026-02-15 14:51:56');
INSERT INTO `app_config` VALUES (11, 'c_withdraw_allowed_weekdays', '1-2-3-4-5-6-0', 'array', 'withdraw', 'ه…پè®¸وڈگçژ°çڑ„وکںوœںه‡ ï¼ˆ0=ه‘¨و—¥,1-6=ه‘¨ن¸€è‡³ه‘¨ه…­ï¼Œه¤ڑن¸ھç”¨é€—هڈ·هˆ†éڑ”ï¼‰', '2026-03-15 00:21:16');
INSERT INTO `app_config` VALUES (12, 'b_withdraw_min_amount', '100', 'int', 'withdraw', 'Bç«¯و¯ڈو¬،وڈگçژ°وœ€ن½ژé‡‘é¢‌ï¼ˆه…ƒï¼‰', '2026-02-15 14:51:56');
INSERT INTO `app_config` VALUES (13, 'b_withdraw_max_amount', '5000', 'int', 'withdraw', 'Bç«¯و¯ڈو¬،وڈگçژ°وœ€é«کé‡‘é¢‌ï¼ˆه…ƒï¼‰', '2026-02-15 14:51:56');
INSERT INTO `app_config` VALUES (14, 'b_withdraw_daily_limit', '10000', 'int', 'withdraw', 'Bç«¯و¯ڈه¤©وڈگçژ°و€»é¢‌é™گهˆ¶ï¼ˆه…ƒï¼‰', '2026-02-15 14:51:56');
INSERT INTO `app_config` VALUES (15, 'rental_platform_rate', '25', 'int', 'rental', 'ç§ںèµپè®¢هچ•ه¹³هڈ°وٹ½وˆگو¯”ن¾‹ï¼ˆ%ï¼‰', '2026-02-15 14:51:56');
INSERT INTO `app_config` VALUES (16, 'rental_platform_fee_rate', '0.25', 'float', 'rental', 'ç§ںèµپç³»ç»ںه¹³هڈ°وٹ½وˆگو¯”ن¾‹ï¼ˆه°ڈو•°ه½¢ه¼ڈï¼Œه…¼ه®¹و—§ن»£ç پï¼‰', '2026-02-15 14:51:56');
INSERT INTO `app_config` VALUES (17, 'c_withdraw_fee_rate', '0.03', 'float', 'withdraw', 'Cç«¯وڈگçژ°و‰‹ç»­è´¹و¯”ن¾‹ï¼ˆ0.03=3%ï¼‰', '2026-02-21 17:33:08');
INSERT INTO `app_config` VALUES (18, 'senior_agent_required_active_users', '15', 'int', 'task', 'ç”³è¯·é«کç؛§ه›¢é•؟éœ€è¦پçڑ„وœ‰و•ˆو´»è·ƒç”¨وˆ·و•°', '2026-03-08 19:12:17');
INSERT INTO `app_config` VALUES (19, 'senior_agent_active_user_task_count', '100', 'int', 'task', 'وœ‰و•ˆو´»è·ƒç”¨وˆ·éœ€ه®Œوˆگçڑ„ن»»هٹ،و•°', '2026-03-08 19:12:13');
INSERT INTO `app_config` VALUES (20, 'senior_agent_active_user_hours', '24', 'int', 'task', 'وœ‰و•ˆو´»è·ƒç”¨وˆ·و³¨ه†Œهگژéœ€هœ¨ه¤ڑه°‘ه°ڈو—¶ه†…ه®Œوˆگن»»هٹ،', '2026-03-08 19:12:04');
INSERT INTO `app_config` VALUES (21, 'senior_agent_max_count', '100', 'int', 'task', 'é«کç؛§ه›¢é•؟و•°é‡ڈن¸ٹé™گ', '2026-02-26 11:25:39');
INSERT INTO `app_config` VALUES (23, 'agent_required_active_users', '5', 'int', 'task', 'ç”³è¯·و™®é€ڑه›¢é•؟éœ€è¦پçڑ„وœ‰و•ˆو´»è·ƒç”¨وˆ·و•°', '2026-02-25 10:50:57');
INSERT INTO `app_config` VALUES (24, 'agent_active_user_task_count', '30', 'int', 'task', 'و™®é€ڑه›¢é•؟وœ‰و•ˆو´»è·ƒç”¨وˆ·éœ€ه®Œوˆگçڑ„ن»»هٹ،و•°', '2026-03-08 19:11:51');
INSERT INTO `app_config` VALUES (25, 'agent_active_user_hours', '24', 'int', 'task', 'و™®é€ڑه›¢é•؟وœ‰و•ˆو´»è·ƒç”¨وˆ·و³¨ه†Œهگژéœ€هœ¨ه¤ڑه°‘ه°ڈو—¶ه†…ه®Œوˆگن»»هٹ،', '2026-02-24 15:09:12');
INSERT INTO `app_config` VALUES (26, 'agent_incentive_enabled', '1', 'int', 'incentive', 'ه›¢é•؟و؟€هٹ±و´»هٹ¨ه¼€ه…³', '2026-02-21 19:31:16');
INSERT INTO `app_config` VALUES (27, 'agent_incentive_end_time', '2099-12-31 23:59:59', 'string', 'incentive', 'ه›¢é•؟و؟€هٹ±و´»هٹ¨ç»ˆو­¢و—¶é—´', '2026-02-21 19:24:37');
INSERT INTO `app_config` VALUES (28, 'agent_incentive_amount', '1000', 'int', 'incentive', 'ه›¢é•؟و؟€هٹ±é‡‘é¢‌ï¼ˆهˆ†ï¼‰', '2026-02-26 11:26:41');
INSERT INTO `app_config` VALUES (29, 'agent_incentive_min_withdraw', '10000', 'int', 'incentive', 'è§¦هڈ‘و؟€هٹ±وœ€ن½ژوڈگçژ°é‡‘é¢‌ï¼ˆهˆ†ï¼‰', '2026-02-26 11:26:36');
INSERT INTO `app_config` VALUES (30, 'agent_incentive_limit_enabled', '1', 'int', 'incentive', 'ن؛؛و•°é™گهˆ¶ه¼€ه…³', '2026-02-23 21:06:59');
INSERT INTO `app_config` VALUES (31, 'agent_incentive_limit_count', '5', 'int', 'incentive', 'و¯ڈن¸ھه›¢é•؟وœ€ه¤ڑو؟€هٹ±و¬،و•°', '2026-02-24 15:52:44');
INSERT INTO `app_config` VALUES (32, 'rental_seller_rate', '70', 'int', 'rental', 'ç§ںèµپهچ–و–¹هˆ†وˆگو¯”ن¾‹ï¼ˆ%ï¼‰', '2026-02-26 11:26:20');
INSERT INTO `app_config` VALUES (33, 'rental_agent_rate', '5', 'int', 'rental', 'ç§ںèµپو™®é€ڑه›¢é•؟هˆ†وˆگو¯”ن¾‹ï¼ˆ%ï¼‰', '2026-02-26 11:26:09');
INSERT INTO `app_config` VALUES (34, 'rental_senior_agent_rate', '5', 'int', 'rental', 'ç§ںèµپé«کç؛§ه›¢é•؟هˆ†وˆگو¯”ن¾‹ï¼ˆ%ï¼‰', '2026-02-26 11:26:13');
INSERT INTO `app_config` VALUES (35, 'commission_c_user', '0', 'int', 'task', 'Cç«¯ç”¨وˆ·ن½£é‡‘و¯”ن¾‹ï¼ˆ%ï¼‰', '2026-02-26 11:25:53');
INSERT INTO `app_config` VALUES (36, 'commission_agent', '0', 'int', 'task', 'ه›¢é•؟ï¼ˆن»£çگ†ï¼‰ن½£é‡‘و¯”ن¾‹ï¼ˆ%ï¼‰', '2026-02-25 15:03:32');
INSERT INTO `app_config` VALUES (37, 'notification_enabled', '1', 'boolean', 'notification', 'وک¯هگ¦هگ¯ç”¨و¶ˆوپ¯é€ڑçں¥', '2026-03-09 20:16:21');
INSERT INTO `app_config` VALUES (38, 'notification_sound_enabled', '1', 'boolean', 'notification', 'وک¯هگ¦هگ¯ç”¨é€ڑçں¥وڈگç¤؛éں³', '2026-03-09 20:16:21');
INSERT INTO `app_config` VALUES (39, 'notification_check_interval', '60', 'int', 'notification', 'é€ڑçں¥و£€وµ‹é—´éڑ”ï¼ˆç§’ï¼‰', '2026-03-09 20:16:21');
INSERT INTO `app_config` VALUES (40, 'notification_max_unread', '50', 'int', 'notification', 'وœ€ه¤§وœھè¯»é€ڑçں¥و•°é‡ڈ', '2026-03-09 20:16:21');
INSERT INTO `app_config` VALUES (41, 'notification_types', 'recharge,withdraw,agent,magnifier,rental,ticket,system', 'array', 'notification', 'هگ¯ç”¨çڑ„é€ڑçں¥ç±»ه‍‹', '2026-03-09 20:16:21');
INSERT INTO `app_config` VALUES (42, 'large_group_agent', '0.8', 'float', 'agent', 'ه¤§ه›¢ه›¢é•؟ن½£é‡‘و¯”ن¾‹', '2026-03-21 10:29:58');

-- ----------------------------
-- Table structure for b_task_statistics
-- ----------------------------
DROP TABLE IF EXISTS `b_task_statistics`;
CREATE TABLE `b_task_statistics`  (
  `id` bigint UNSIGNED NOT NULL AUTO_INCREMENT COMMENT 'ç»ںè®،ID',
  `b_user_id` bigint UNSIGNED NOT NULL COMMENT 'Bç«¯ç”¨وˆ·ID',
  `username` varchar(64) CHARACTER SET utf8mb4 COLLATE utf8mb4_unicode_ci NOT NULL COMMENT 'ç”¨وˆ·هگچï¼ˆه†—ن½™ه­—و®µï¼‰',
  `flow_type` tinyint NOT NULL COMMENT 'وµپو°´ç±»ه‍‹ï¼ڑ1=و”¶ه…¥ï¼Œ2=و”¯ه‡؛',
  `amount` bigint NOT NULL DEFAULT 0 COMMENT 'هڈکهٹ¨é‡‘é¢‌ï¼ˆهچ•ن½چï¼ڑهˆ†ï¼Œو­£و•°ï¼‰',
  `before_balance` bigint NOT NULL DEFAULT 0 COMMENT 'هڈکهٹ¨ه‰چن½™é¢‌ï¼ˆهچ•ن½چï¼ڑهˆ†ï¼‰',
  `after_balance` bigint NOT NULL DEFAULT 0 COMMENT 'هڈکهٹ¨هگژن½™é¢‌ï¼ˆهچ•ن½چï¼ڑهˆ†ï¼‰',
  `related_type` varchar(32) CHARACTER SET utf8mb4 COLLATE utf8mb4_unicode_ci NULL DEFAULT NULL COMMENT 'ه…³èپ”ç±»ه‍‹ï¼ڑtask_publish=ن»»هٹ،هڈ‘ه¸ƒï¼Œrecharge=ه……ه€¼ï¼Œaccount_rental=è´¦هڈ·ç§ںèµپï¼Œrefund=é€€و¬¾',
  `related_id` bigint UNSIGNED NULL DEFAULT NULL COMMENT 'ه…³èپ”IDï¼ˆن»»هٹ،IDم€پè®¢هچ•IDç­‰ï¼‰',
  `task_types` tinyint UNSIGNED NULL DEFAULT NULL COMMENT 'ن»»هٹ،ç±»ه‍‹ï¼ڑ1=ن¸ٹè¯„è¯„è®؛ï¼Œ2=ن¸­è¯„è¯„è®؛ï¼Œ3=و”¾ه¤§é•œوگœç´¢è¯چï¼Œ4=ن¸ٹن¸­è¯„è¯„è®؛ï¼Œ5=ن¸­ن¸‹è¯„è¯„è®؛ï¼Œ6=ه‡؛ç§ںè®¢هچ•ï¼Œ7=و±‚ç§ںè®¢هچ•',
  `task_types_text` varchar(100) CHARACTER SET utf8mb4 COLLATE utf8mb4_unicode_ci NULL DEFAULT NULL COMMENT 'ن»»هٹ،ç±»ه‍‹و–‡وœ¬وڈڈè؟°',
  `record_status` tinyint UNSIGNED NULL DEFAULT 0 COMMENT 'è®°ه½•çٹ¶و€پï¼ڑ0=ه¾…ه¤„çگ†ï¼Œ1=è؟›è،Œن¸­ï¼Œ2=ه¾…ه®،و ¸ï¼Œ3=ه·²ه®Œوˆگï¼Œ4=ه¾…و”¯ن»ک,5=ه·²è؟‡وœں,6=ه·²é©³ه›‍,7=ه·²وڑ‚هپœï¼Œ8=ه·²هڈ–و¶ˆï¼Œ9=ه·²é€€و¬¾,10=ه·²و”¯ن»ک',
  `record_status_text` varchar(50) CHARACTER SET utf8mb4 COLLATE utf8mb4_unicode_ci NULL DEFAULT NULL COMMENT 'è®°ه½•çٹ¶و€پو–‡وœ¬',
  `remark` varchar(500) CHARACTER SET utf8mb4 COLLATE utf8mb4_unicode_ci NOT NULL COMMENT 'وµپو°´çڑ„è¯¦ç»†è¯´وکژè®°ه½•',
  `created_at` datetime NOT NULL DEFAULT CURRENT_TIMESTAMP COMMENT 'هˆ›ه»؛و—¶é—´',
  PRIMARY KEY (`id`) USING BTREE,
  INDEX `idx_b_user_id`(`b_user_id` ASC) USING BTREE,
  INDEX `idx_flow_type`(`flow_type` ASC) USING BTREE,
  INDEX `idx_related`(`related_type` ASC, `related_id` ASC) USING BTREE,
  INDEX `idx_task_types`(`task_types` ASC) USING BTREE,
  INDEX `idx_created_at`(`created_at` ASC) USING BTREE
) ENGINE = InnoDB AUTO_INCREMENT = 128 CHARACTER SET = utf8mb4 COLLATE = utf8mb4_unicode_ci COMMENT = 'Bç«¯ن»»هٹ،ç»ںè®،è،¨-è®°ه½•Bç«¯ç”¨وˆ·و‰€وœ‰é‡‘é¢‌هڈکهٹ¨' ROW_FORMAT = DYNAMIC;

-- ----------------------------
-- Records of b_task_statistics
-- ----------------------------

-- ----------------------------
-- Table structure for b_tasks
-- ----------------------------
DROP TABLE IF EXISTS `b_tasks`;
CREATE TABLE `b_tasks`  (
  `id` bigint UNSIGNED NOT NULL AUTO_INCREMENT COMMENT 'ن»»هٹ،ID',
  `b_user_id` bigint UNSIGNED NOT NULL COMMENT 'Bç«¯ç”¨وˆ·ID',
  `combo_task_id` varchar(32) CHARACTER SET utf8mb4 COLLATE utf8mb4_unicode_ci NULL DEFAULT NULL COMMENT 'ç»„هگˆن»»هٹ،و ‡è¯†ï¼ˆهگŒن¸€ç»„هگˆن»»هٹ،ه…±ن؛«ï¼‰',
  `stage` tinyint NOT NULL DEFAULT 0 COMMENT 'éک¶و®µï¼ڑ0=هچ•ن»»هٹ،ï¼Œ1=éک¶و®µ1ï¼Œ2=éک¶و®µ2',
  `stage_status` tinyint NOT NULL DEFAULT 1 COMMENT 'éک¶و®µçٹ¶و€پï¼ڑ0=وœھه¼€و”¾ï¼Œ1=ه·²ه¼€و”¾ï¼Œ2=ه·²ه®Œوˆگ',
  `parent_task_id` bigint UNSIGNED NULL DEFAULT NULL COMMENT 'çˆ¶ن»»هٹ،IDï¼ˆéک¶و®µ2وŒ‡هگ‘éک¶و®µ1ï¼‰',
  `template_id` int UNSIGNED NOT NULL COMMENT 'ن»»هٹ،و¨،و‌؟ID',
  `video_url` varchar(500) CHARACTER SET utf8mb4 COLLATE utf8mb4_unicode_ci NULL DEFAULT NULL COMMENT 'è§†é¢‘é“¾وژ¥ï¼ˆéک¶و®µ2هˆ›ه»؛و—¶ن¸؛ç©؛ï¼Œç­‰éک¶و®µ1ه®Œوˆگهگژهˆ†é…چï¼‰',
  `deadline` int UNSIGNED NOT NULL COMMENT 'هˆ°وœںو—¶é—´ï¼ˆ10ن½چو—¶é—´وˆ³-ç§’ç؛§ï¼‰',
  `recommend_marks` json NULL COMMENT 'وژ¨èچگè¯„è®؛ï¼ˆJSONو•°ç»„ï¼‰',
  `task_count` int UNSIGNED NOT NULL DEFAULT 0 COMMENT 'ن»»هٹ،و€»و•°é‡ڈï¼ˆè¯„è®؛و•°ç»„é•؟ه؛¦ï¼‰',
  `task_done` int UNSIGNED NOT NULL DEFAULT 0 COMMENT 'ه·²ه®Œوˆگو•°é‡ڈï¼ˆه·²é€ڑè؟‡ه®،و ¸ï¼‰',
  `task_doing` int UNSIGNED NOT NULL DEFAULT 0 COMMENT 'è؟›è،Œن¸­و•°é‡ڈï¼ˆCç«¯و­£هœ¨هپڑï¼‰',
  `task_reviewing` int UNSIGNED NOT NULL DEFAULT 0 COMMENT 'ه¾…ه®،و ¸و•°é‡ڈï¼ˆه·²وڈگن؛¤ه¾…ه®،و ¸ï¼‰',
  `unit_price` decimal(18, 2) NOT NULL DEFAULT 0.00 COMMENT 'هچ•ن»·ï¼ˆه…ƒï¼Œن»ژو¨،و‌؟èژ·هڈ–ï¼‰',
  `total_price` decimal(18, 2) NOT NULL DEFAULT 0.00 COMMENT 'و€»ن»·ï¼ˆه…ƒï¼Œهچ•ن»·*و•°é‡ڈï¼‰',
  `status` tinyint NOT NULL DEFAULT 1 COMMENT 'çٹ¶و€پï¼ڑ1=è؟›è،Œن¸­ï¼Œ2=ه·²ه®Œوˆگï¼Œ3=ه·²هڈ–و¶ˆï¼Œ0=ه·²è؟‡وœں',
  `created_at` datetime NOT NULL DEFAULT CURRENT_TIMESTAMP COMMENT 'هˆ›ه»؛و—¶é—´',
  `updated_at` datetime NOT NULL DEFAULT CURRENT_TIMESTAMP ON UPDATE CURRENT_TIMESTAMP COMMENT 'و›´و–°و—¶é—´',
  `completed_at` datetime NULL DEFAULT NULL COMMENT 'ه®Œوˆگو—¶é—´ï¼ˆن»»هٹ،ه®Œوˆگو—¶è®°ه½•ï¼‰',
  PRIMARY KEY (`id`) USING BTREE,
  INDEX `idx_b_user_id`(`b_user_id` ASC) USING BTREE,
  INDEX `idx_combo_task_id`(`combo_task_id` ASC) USING BTREE,
  INDEX `idx_stage`(`stage` ASC) USING BTREE,
  INDEX `idx_stage_status`(`stage_status` ASC) USING BTREE,
  INDEX `idx_parent_task_id`(`parent_task_id` ASC) USING BTREE,
  INDEX `idx_template_id`(`template_id` ASC) USING BTREE,
  INDEX `idx_status`(`status` ASC) USING BTREE,
  INDEX `idx_deadline`(`deadline` ASC) USING BTREE,
  INDEX `idx_created_at`(`created_at` ASC) USING BTREE,
  INDEX `idx_completed_at`(`completed_at` ASC) USING BTREE
) ENGINE = InnoDB AUTO_INCREMENT = 172 CHARACTER SET = utf8mb4 COLLATE = utf8mb4_unicode_ci COMMENT = 'Bç«¯هڈ‘ه¸ƒن»»هٹ،è،¨-ه•†ه®¶و´¾هچ•' ROW_FORMAT = Dynamic;

-- ----------------------------
-- Records of b_tasks
-- ----------------------------

-- ----------------------------
-- Table structure for b_users
-- ----------------------------
DROP TABLE IF EXISTS `b_users`;
CREATE TABLE `b_users`  (
  `id` bigint UNSIGNED NOT NULL AUTO_INCREMENT COMMENT 'Bç«¯ç”¨وˆ·ID',
  `username` varchar(32) CHARACTER SET utf8mb4 COLLATE utf8mb4_unicode_ci NOT NULL COMMENT 'ç”¨وˆ·هگچï¼ˆه؟…ه،«ï¼Œç™»ه½•è´¦هڈ·ï¼‰',
  `email` varchar(128) CHARACTER SET utf8mb4 COLLATE utf8mb4_unicode_ci NOT NULL COMMENT 'é‚®ç®±ï¼ˆه؟…ه،«ï¼‰',
  `phone` varchar(20) CHARACTER SET utf8mb4 COLLATE utf8mb4_unicode_ci NULL DEFAULT NULL COMMENT 'و‰‹وœ؛هڈ·ï¼ˆé€‰ه،«ï¼‰',
  `password_hash` varchar(255) CHARACTER SET utf8mb4 COLLATE utf8mb4_unicode_ci NOT NULL COMMENT 'ه¯†ç په“ˆه¸Œ',
  `organization_name` varchar(200) CHARACTER SET utf8mb4 COLLATE utf8mb4_unicode_ci NOT NULL COMMENT 'ç»„ç»‡هگچç§°',
  `organization_leader` varchar(100) CHARACTER SET utf8mb4 COLLATE utf8mb4_unicode_ci NOT NULL COMMENT 'ç»„ç»‡è´ںè´£ن؛؛هگچç§°',
  `token` varchar(512) CHARACTER SET utf8mb4 COLLATE utf8mb4_unicode_ci NULL DEFAULT NULL COMMENT 'ه½“ه‰چوœ‰و•ˆTokenï¼ˆbase64و ¼ه¼ڈï¼‰',
  `token_expired_at` datetime NULL DEFAULT NULL COMMENT 'Tokenè؟‡وœںو—¶é—´',
  `wallet_id` bigint UNSIGNED NULL DEFAULT NULL COMMENT 'ه…³èپ”é’±هŒ…ID',
  `status` tinyint NOT NULL DEFAULT 1 COMMENT 'çٹ¶و€پï¼ڑ1=و­£ه¸¸ï¼Œ0=ç¦پç”¨',
  `reason` varchar(500) CHARACTER SET utf8mb4 COLLATE utf8mb4_unicode_ci NULL DEFAULT NULL COMMENT 'ç¦پç”¨هژںه› ',
  `create_ip` varchar(45) CHARACTER SET utf8mb4 COLLATE utf8mb4_unicode_ci NULL DEFAULT NULL COMMENT 'و³¨ه†ŒIPهœ°ه‌€ï¼ˆو”¯وŒپIPv6ï¼‰',
  `created_at` datetime NOT NULL DEFAULT CURRENT_TIMESTAMP COMMENT 'هˆ›ه»؛و—¶é—´',
  `updated_at` datetime NOT NULL DEFAULT CURRENT_TIMESTAMP ON UPDATE CURRENT_TIMESTAMP COMMENT 'و›´و–°و—¶é—´',
  `device_id` varchar(255) CHARACTER SET utf8mb4 COLLATE utf8mb4_unicode_ci NULL DEFAULT NULL COMMENT 'ه½“ه‰چç™»ه½•è®¾ه¤‡ID',
  `device_name` varchar(255) CHARACTER SET utf8mb4 COLLATE utf8mb4_unicode_ci NULL DEFAULT NULL COMMENT 'ه½“ه‰چç™»ه½•è®¾ه¤‡هگچç§°',
  `max_devices` int NOT NULL DEFAULT 1 COMMENT 'وœ€ه¤§ه…پè®¸ç™»ه½•è®¾ه¤‡و•°ï¼Œ0è،¨ç¤؛و— é™گهˆ¶',
  `last_login_device` varchar(512) CHARACTER SET utf8mb4 COLLATE utf8mb4_unicode_ci NULL DEFAULT NULL COMMENT 'وœ€هگژç™»ه½•è®¾ه¤‡ن؟،وپ¯ï¼ˆJSONو ¼ه¼ڈï¼‰',
  `device_list` text CHARACTER SET utf8mb4 COLLATE utf8mb4_unicode_ci NULL COMMENT 'ه·²ç™»ه½•è®¾ه¤‡هˆ—è،¨ï¼ˆJSONو ¼ه¼ڈï¼‰',
  PRIMARY KEY (`id`) USING BTREE,
  UNIQUE INDEX `uk_username`(`username` ASC) USING BTREE,
  UNIQUE INDEX `uk_email`(`email` ASC) USING BTREE,
  UNIQUE INDEX `uk_phone`(`phone` ASC) USING BTREE,
  INDEX `idx_token`(`token`(255) ASC) USING BTREE,
  INDEX `idx_wallet_id`(`wallet_id` ASC) USING BTREE,
  INDEX `idx_status`(`status` ASC) USING BTREE,
  INDEX `idx_created_at`(`created_at` ASC) USING BTREE,
  INDEX `idx_device_id`(`device_id` ASC) USING BTREE
) ENGINE = InnoDB AUTO_INCREMENT = 9 CHARACTER SET = utf8mb4 COLLATE = utf8mb4_unicode_ci COMMENT = 'Bç«¯ç”¨وˆ·è،¨-ه•†ه®¶ç«¯' ROW_FORMAT = Dynamic;

-- ----------------------------
-- Records of b_users
-- ----------------------------
INSERT INTO `b_users` VALUES (1, 'Ceshi', '271010169@qq.com', NULL, '$2y$10$SV7dHV/yam2IcgV5SmbbKur8TrpohySzBEQ032nQouiOnaBgmTWp6', 'Meili', 'Meili', 'eyJ1c2VyX2lkIjoxLCJ0eXBlIjoyLCJleHAiOjE3NzQ0MjUzNTV9', '2026-03-25 15:55:55', 1, 1, NULL, '34.143.229.197', '2026-02-27 11:49:20', '2026-03-18 15:55:55', 'server-side-device-id', 'Mozilla/5.0 (Windows NT 10.0; Win64; x64) AppleWebKit/537.36 (KHTML, like Gecko) Chrome/123.0.0.0 Safari/537.36 QQBrowser/21.0.8267.400', 1, '{\"device_id\":\"server-side-device-id\",\"device_name\":\"Mozilla\\/5.0 (Windows NT 10.0; Win64; x64) AppleWebKit\\/537.36 (KHTML, like Gecko) Chrome\\/123.0.0.0 Safari\\/537.36 QQBrowser\\/21.0.8267.400\",\"login_time\":\"2026-03-18 15:55:55\",\"last_activity\":\"2026-03-18 15:55:55\"}', '[{\"device_id\":\"server-side-device-id\",\"device_name\":\"Mozilla\\/5.0 (Windows NT 10.0; Win64; x64) AppleWebKit\\/537.36 (KHTML, like Gecko) Chrome\\/123.0.0.0 Safari\\/537.36 QQBrowser\\/21.0.8267.400\",\"login_time\":\"2026-03-18 15:55:55\",\"last_activity\":\"2026-03-18 15:55:55\"}]');
INSERT INTO `b_users` VALUES (2, 'Ceshi1', '459312160@qq.com', NULL, '$2y$10$F0HHwcgbu5Qh.xkir2UCcul4OHQPBYXwr970M4kIFVmdeZaDeh6ca', 'Meili', 'Meili', 'eyJ1c2VyX2lkIjoyLCJ0eXBlIjoyLCJleHAiOjE3NzQzNTA5MDF9', '2026-03-24 19:15:01', 2, 1, NULL, '34.143.229.197', '2026-02-27 12:02:50', '2026-03-17 19:15:01', 'server-side-device-id', 'Mozilla/5.0 (iPhone; CPU iPhone OS 16_0 like Mac OS X) AppleWebKit/605.1.15 (KHTML, like Gecko) Version/16.0 Mobile/15E148 Safari/604.1', 1, '{\"device_id\":\"server-side-device-id\",\"device_name\":\"Mozilla\\/5.0 (iPhone; CPU iPhone OS 16_0 like Mac OS X) AppleWebKit\\/605.1.15 (KHTML, like Gecko) Version\\/16.0 Mobile\\/15E148 Safari\\/604.1\",\"login_time\":\"2026-03-17 19:15:01\",\"last_activity\":\"2026-03-17 19:15:01\"}', '[{\"device_id\":\"server-side-device-id\",\"device_name\":\"Mozilla\\/5.0 (iPhone; CPU iPhone OS 16_0 like Mac OS X) AppleWebKit\\/605.1.15 (KHTML, like Gecko) Version\\/16.0 Mobile\\/15E148 Safari\\/604.1\",\"login_time\":\"2026-03-17 19:15:01\",\"last_activity\":\"2026-03-17 19:15:01\"}]');
INSERT INTO `b_users` VALUES (3, 'task', 'task@qq.com', NULL, '$2y$10$hkD.XBnEsk7iKbrYdpuxyOmrn.vME26Z1gzkXkBEXaUQMey5b3MAm', 'task', 'task', NULL, NULL, 7, 1, NULL, '223.74.60.135', '2026-03-01 00:48:16', '2026-03-16 09:52:19', 'server-side-device-id', 'Mozilla/5.0 (Windows NT 10.0; Win64; x64) AppleWebKit/537.36 (KHTML, like Gecko) Chrome/146.0.0.0 Safari/537.36', 1, '{\"device_id\":\"server-side-device-id\",\"device_name\":\"Mozilla\\/5.0 (Windows NT 10.0; Win64; x64) AppleWebKit\\/537.36 (KHTML, like Gecko) Chrome\\/146.0.0.0 Safari\\/537.36\",\"login_time\":\"2026-03-16 09:51:25\",\"last_activity\":\"2026-03-16 09:51:25\"}', '[{\"device_id\":\"server-side-device-id\",\"device_name\":\"Mozilla\\/5.0 (Windows NT 10.0; Win64; x64) AppleWebKit\\/537.36 (KHTML, like Gecko) Chrome\\/146.0.0.0 Safari\\/537.36\",\"login_time\":\"2026-03-16 09:51:25\",\"last_activity\":\"2026-03-16 09:51:25\"}]');
INSERT INTO `b_users` VALUES (4, '6666', '2625228169@qq.com', NULL, '$2y$10$cvmarlmOyyh0pZmNpZn2LeAEVveublaPt2QfK22mBGf/oH2789LyG', '11', 'QWE', NULL, NULL, 10, 1, NULL, '34.143.229.197', '2026-03-06 14:46:54', '2026-03-12 14:21:06', 'server-side-device-id', 'Mozilla/5.0 (Windows NT 10.0; Win64; x64) AppleWebKit/537.36 (KHTML, like Gecko) Chrome/123.0.0.0 Safari/537.36 QQBrowser/21.0.8257.400', 1, '{\"device_id\":\"server-side-device-id\",\"device_name\":\"Mozilla\\/5.0 (Windows NT 10.0; Win64; x64) AppleWebKit\\/537.36 (KHTML, like Gecko) Chrome\\/123.0.0.0 Safari\\/537.36 QQBrowser\\/21.0.8257.400\",\"login_time\":\"2026-03-12 13:57:51\",\"last_activity\":\"2026-03-12 13:57:51\"}', '[{\"device_id\":\"server-side-device-id\",\"device_name\":\"Mozilla\\/5.0 (Windows NT 10.0; Win64; x64) AppleWebKit\\/537.36 (KHTML, like Gecko) Chrome\\/123.0.0.0 Safari\\/537.36 QQBrowser\\/21.0.8257.400\",\"login_time\":\"2026-03-12 13:57:51\",\"last_activity\":\"2026-03-12 13:57:51\"}]');
INSERT INTO `b_users` VALUES (5, 'Ceshi3', '123456@gmail.com', '13145678910', '$2y$10$YIm6OTfuUhj5VxYfVWoSu.ONne..7NVIKVMYCx0zajHhzHeZqeQNG', 'ه‹‡و•¢', 'و‍œو–­', 'eyJ1c2VyX2lkIjo1LCJ0eXBlIjoyLCJleHAiOjE3NzQwNjQ1NzN9', '2026-03-21 11:42:53', 11, 1, NULL, '34.143.229.197', '2026-03-08 12:06:11', '2026-03-14 11:42:53', 'b312730f2b9ca3edb2aa36e5cb717af5', 'Mozilla/5.0 (iPhone; CPU iPhone OS 18_7 like Mac OS X) AppleWebKit/605.1.15 (KHTML, like Gecko) Version/26.2 Mobile/15E148 Safari/604.1', 1, '{\"device_id\":\"b312730f2b9ca3edb2aa36e5cb717af5\",\"device_name\":\"Mozilla\\/5.0 (iPhone; CPU iPhone OS 18_7 like Mac OS X) AppleWebKit\\/605.1.15 (KHTML, like Gecko) Version\\/26.2 Mobile\\/15E148 Safari\\/604.1\",\"login_time\":\"2026-03-14 11:42:53\",\"last_activity\":\"2026-03-14 11:42:53\"}', '[{\"device_id\":\"b312730f2b9ca3edb2aa36e5cb717af5\",\"device_name\":\"Mozilla\\/5.0 (iPhone; CPU iPhone OS 18_7 like Mac OS X) AppleWebKit\\/605.1.15 (KHTML, like Gecko) Version\\/26.2 Mobile\\/15E148 Safari\\/604.1\",\"login_time\":\"2026-03-14 11:42:53\",\"last_activity\":\"2026-03-14 11:42:53\"}]');
INSERT INTO `b_users` VALUES (6, 'hy123456', 'a123456789@qq.com', NULL, '$2y$10$iIBm8c5lUBBKsgQN1TcK/.mZrf/OXrjCzl9Wgtf6RmXRtJK9oB50G', 'hy', 'hy', 'eyJ1c2VyX2lkIjo2LCJ0eXBlIjoyLCJleHAiOjE3NzQxNTcyOTV9', '2026-03-22 13:28:15', 26, 1, NULL, '34.143.229.197', '2026-03-15 13:28:02', '2026-03-15 13:28:15', 'f19e165dbde9b16042e7affbca7e89d7', 'Mozilla/5.0 (Windows NT 10.0; Win64; x64) AppleWebKit/537.36 (KHTML, like Gecko) Chrome/116.0.5845.97 Safari/537.36 SE 2.X MetaSr 1.0', 1, '{\"device_id\":\"f19e165dbde9b16042e7affbca7e89d7\",\"device_name\":\"Mozilla\\/5.0 (Windows NT 10.0; Win64; x64) AppleWebKit\\/537.36 (KHTML, like Gecko) Chrome\\/116.0.5845.97 Safari\\/537.36 SE 2.X MetaSr 1.0\",\"login_time\":\"2026-03-15 13:28:15\",\"last_activity\":\"2026-03-15 13:28:15\"}', '[{\"device_id\":\"f19e165dbde9b16042e7affbca7e89d7\",\"device_name\":\"Mozilla\\/5.0 (Windows NT 10.0; Win64; x64) AppleWebKit\\/537.36 (KHTML, like Gecko) Chrome\\/116.0.5845.97 Safari\\/537.36 SE 2.X MetaSr 1.0\",\"login_time\":\"2026-03-15 13:28:15\",\"last_activity\":\"2026-03-15 13:28:15\"}]');
INSERT INTO `b_users` VALUES (7, '3492391483', '3492391483@qq.com', '18933740929', '$2y$10$TgsFsVdCxmiX04o.goeYwOyJn/gcbgypSygxd.xPCD6sRA/1JnDti', 'uu', 'ه…«ن¸‡', 'eyJ1c2VyX2lkIjo3LCJ0eXBlIjoyLCJleHAiOjE3NzQxNzExNjN9', '2026-03-22 17:19:23', 33, 1, NULL, '34.143.229.197', '2026-03-15 17:03:56', '2026-03-15 17:19:23', 'server-side-device-id', 'Mozilla/5.0 (iPhone; CPU iPhone OS 18_3_1 like Mac OS X) AppleWebKit/605.1.15 (KHTML, like Gecko) Version/18.3 Mobile/15E148 Safari/604.1', 1, '{\"device_id\":\"server-side-device-id\",\"device_name\":\"Mozilla\\/5.0 (iPhone; CPU iPhone OS 18_3_1 like Mac OS X) AppleWebKit\\/605.1.15 (KHTML, like Gecko) Version\\/18.3 Mobile\\/15E148 Safari\\/604.1\",\"login_time\":\"2026-03-15 17:19:23\",\"last_activity\":\"2026-03-15 17:19:23\"}', '[{\"device_id\":\"server-side-device-id\",\"device_name\":\"Mozilla\\/5.0 (iPhone; CPU iPhone OS 18_3_1 like Mac OS X) AppleWebKit\\/605.1.15 (KHTML, like Gecko) Version\\/18.3 Mobile\\/15E148 Safari\\/604.1\",\"login_time\":\"2026-03-15 17:19:23\",\"last_activity\":\"2026-03-15 17:19:23\"}]');
INSERT INTO `b_users` VALUES (8, 'Ceshi0', '6666@qq.com', '13265498700', '$2y$10$cn83iH57qYPvpNj1LQoN/ejc3T09tDvcFJia4nOvfm/XyzhSPq53m', 'ن¸­هچژ', 'ن¸­هچژ', 'eyJ1c2VyX2lkIjo4LCJ0eXBlIjoyLCJleHAiOjE3NzQzNjIxOTJ9', '2026-03-24 22:23:12', 74, 1, NULL, '34.143.229.197', '2026-03-17 19:27:19', '2026-03-17 22:23:12', 'f5b3907aa145671fab0e3be584658d45', 'Mozilla/5.0 (Windows NT 6.1; Win64; x64) AppleWebKit/537.36 (KHTML, like Gecko) Chrome/116.0.5845.97 Safari/537.36 SE 2.X MetaSr 1.0', 1, '{\"device_id\":\"f5b3907aa145671fab0e3be584658d45\",\"device_name\":\"Mozilla\\/5.0 (Windows NT 6.1; Win64; x64) AppleWebKit\\/537.36 (KHTML, like Gecko) Chrome\\/116.0.5845.97 Safari\\/537.36 SE 2.X MetaSr 1.0\",\"login_time\":\"2026-03-17 22:23:12\",\"last_activity\":\"2026-03-17 22:23:12\"}', '[{\"device_id\":\"f5b3907aa145671fab0e3be584658d45\",\"device_name\":\"Mozilla\\/5.0 (Windows NT 6.1; Win64; x64) AppleWebKit\\/537.36 (KHTML, like Gecko) Chrome\\/116.0.5845.97 Safari\\/537.36 SE 2.X MetaSr 1.0\",\"login_time\":\"2026-03-17 22:23:12\",\"last_activity\":\"2026-03-17 22:23:12\"}]');

-- ----------------------------
-- Table structure for c_task_records
-- ----------------------------
DROP TABLE IF EXISTS `c_task_records`;
CREATE TABLE `c_task_records`  (
  `id` bigint UNSIGNED NOT NULL AUTO_INCREMENT COMMENT 'è®°ه½•ID',
  `c_user_id` bigint UNSIGNED NOT NULL COMMENT 'Cç«¯ç”¨وˆ·ID',
  `b_task_id` bigint UNSIGNED NOT NULL COMMENT 'Bç«¯ن»»هٹ،ID',
  `b_user_id` bigint UNSIGNED NOT NULL COMMENT 'Bç«¯ç”¨وˆ·IDï¼ˆهڈ‘ه¸ƒè€…ï¼‰',
  `template_id` int UNSIGNED NOT NULL COMMENT 'ن»»هٹ،و¨،و‌؟ID',
  `video_url` varchar(500) CHARACTER SET utf8mb4 COLLATE utf8mb4_unicode_ci NOT NULL COMMENT 'è§†é¢‘é“¾وژ¥',
  `recommend_mark` json NULL COMMENT 'هˆ†é…چçڑ„وژ¨èچگè¯„è®؛ï¼ˆcommentه’Œimage_urlï¼‰',
  `comment_url` varchar(500) CHARACTER SET utf8mb4 COLLATE utf8mb4_unicode_ci NULL DEFAULT NULL COMMENT 'ç”¨وˆ·وڈگن؛¤çڑ„è¯„è®؛é“¾وژ¥',
  `screenshot_url` varchar(500) CHARACTER SET utf8mb4 COLLATE utf8mb4_unicode_ci NULL DEFAULT NULL COMMENT 'ç”¨وˆ·وڈگن؛¤çڑ„وˆھه›¾',
  `status` tinyint NOT NULL DEFAULT 1 COMMENT 'çٹ¶و€پï¼ڑ1=è؟›è،Œن¸­(doing)ï¼Œ2=ه¾…ه®،و ¸(reviewing)ï¼Œ3=ه·²é€ڑè؟‡(approved)ï¼Œ4=ه·²é©³ه›‍(rejected)',
  `reject_reason` varchar(500) CHARACTER SET utf8mb4 COLLATE utf8mb4_unicode_ci NULL DEFAULT NULL COMMENT 'é©³ه›‍هژںه› ',
  `reward_amount` bigint NOT NULL DEFAULT 0 COMMENT 'ه¥–هٹ±é‡‘é¢‌ï¼ˆهچ•ن½چï¼ڑهˆ†ï¼‰',
  `created_at` datetime NOT NULL DEFAULT CURRENT_TIMESTAMP COMMENT 'وژ¥هچ•و—¶é—´',
  `submitted_at` datetime NULL DEFAULT NULL COMMENT 'وڈگن؛¤و—¶é—´',
  `reviewed_at` datetime NULL DEFAULT NULL COMMENT 'ه®،و ¸و—¶é—´',
  `task_stage` tinyint NULL DEFAULT NULL COMMENT 'ه½“ه‰چن»»هٹ،éک¶و®µï¼Œ0=هچ•ن»»هٹ،ï¼Œ1=1éک¶و®µï¼Œ2=2éک¶و®µ',
  `task_stage_text` varchar(255) CHARACTER SET utf8mb4 COLLATE utf8mb4_unicode_ci NULL DEFAULT NULL COMMENT 'ه½“ه‰چن»»هٹ،éک¶و®µçڑ„و–‡وœ¬',
  PRIMARY KEY (`id`) USING BTREE,
  UNIQUE INDEX `uk_c_user_b_task`(`c_user_id` ASC, `b_task_id` ASC) USING BTREE,
  INDEX `idx_c_user_id`(`c_user_id` ASC) USING BTREE,
  INDEX `idx_b_task_id`(`b_task_id` ASC) USING BTREE,
  INDEX `idx_b_user_id`(`b_user_id` ASC) USING BTREE,
  INDEX `idx_status`(`status` ASC) USING BTREE,
  INDEX `idx_created_at`(`created_at` ASC) USING BTREE
) ENGINE = InnoDB AUTO_INCREMENT = 284 CHARACTER SET = utf8mb4 COLLATE = utf8mb4_unicode_ci COMMENT = 'Cç«¯ن»»هٹ،è®°ه½•è،¨-وژ¥هچ•و‰§è،Œه®،و ¸ه…¨وµپç¨‹' ROW_FORMAT = Dynamic;

-- ----------------------------
-- Records of c_task_records
-- ----------------------------

-- ----------------------------
-- Table structure for c_task_statistics
-- ----------------------------
DROP TABLE IF EXISTS `c_task_statistics`;
CREATE TABLE `c_task_statistics`  (
  `id` bigint UNSIGNED NOT NULL AUTO_INCREMENT COMMENT 'ç»ںè®،ID',
  `c_user_id` bigint UNSIGNED NOT NULL COMMENT 'Cç«¯ç”¨وˆ·ID',
  `username` varchar(64) CHARACTER SET utf8mb4 COLLATE utf8mb4_unicode_ci NOT NULL COMMENT 'ç”¨وˆ·هگچï¼ˆه†—ن½™ه­—و®µï¼‰',
  `flow_type` tinyint NOT NULL COMMENT 'وµپو°´ç±»ه‍‹ï¼ڑ1=و”¶ه…¥ï¼Œ2=و”¯ه‡؛',
  `amount` bigint NOT NULL DEFAULT 0 COMMENT 'هڈکهٹ¨é‡‘é¢‌ï¼ˆهچ•ن½چï¼ڑهˆ†ï¼Œو­£و•°ï¼‰',
  `before_balance` bigint NOT NULL DEFAULT 0 COMMENT 'هڈکهٹ¨ه‰چن½™é¢‌ï¼ˆهچ•ن½چï¼ڑهˆ†ï¼‰',
  `after_balance` bigint NOT NULL DEFAULT 0 COMMENT 'هڈکهٹ¨هگژن½™é¢‌ï¼ˆهچ•ن½چï¼ڑهˆ†ï¼‰',
  `related_type` varchar(32) CHARACTER SET utf8mb4 COLLATE utf8mb4_unicode_ci NULL DEFAULT NULL COMMENT 'ه…³èپ”ç±»ه‍‹ï¼ڑtask_publish=ن»»هٹ،هڈ‘ه¸ƒï¼Œrecharge=ه……ه€¼ï¼Œaccount_rental=è´¦هڈ·ç§ںèµپï¼Œrefund=é€€و¬¾ï¼Œagent_commission=ن¸€ç؛§ن»£çگ†ن½£é‡‘ï¼Œsecond_agent_commission=ن؛Œç؛§ن»£çگ†ن½£é‡‘',
  `related_id` bigint UNSIGNED NULL DEFAULT NULL COMMENT 'ه…³èپ”IDï¼ˆن»»هٹ،IDم€پè®¢هچ•IDç­‰ï¼‰',
  `task_types` tinyint UNSIGNED NULL DEFAULT NULL COMMENT 'ن»»هٹ،ç±»ه‍‹ï¼ڑ1=ن¸ٹè¯„è¯„è®؛ï¼Œ2=ن¸­è¯„è¯„è®؛ï¼Œ3=و”¾ه¤§é•œوگœç´¢è¯چï¼Œ4=ن¸ٹن¸­è¯„è¯„è®؛ï¼Œ5=ن¸­ن¸‹è¯„è¯„è®؛ï¼Œ6=ه‡؛ç§ںè®¢هچ•ï¼Œ7=و±‚ç§ںè®¢هچ•',
  `task_types_text` varchar(100) CHARACTER SET utf8mb4 COLLATE utf8mb4_unicode_ci NULL DEFAULT NULL COMMENT 'ن»»هٹ،ç±»ه‍‹و–‡وœ¬وڈڈè؟°',
  `record_status` tinyint UNSIGNED NULL DEFAULT 0 COMMENT 'è®°ه½•çٹ¶و€پï¼ڑ0=ه¾…ه¤„çگ†ï¼Œ1=è؟›è،Œن¸­ï¼Œ2=ه¾…ه®،و ¸ï¼Œ3=ه·²ه®Œوˆگï¼Œ4=ه¾…و”¯ن»ک,5=ه·²è؟‡وœں,6=ه·²é©³ه›‍,7=ه·²وڑ‚هپœï¼Œ8=ه·²هڈ–و¶ˆ,9=ه·²é€€و¬¾',
  `record_status_text` varchar(50) CHARACTER SET utf8mb4 COLLATE utf8mb4_unicode_ci NULL DEFAULT NULL COMMENT 'è®°ه½•çٹ¶و€پو–‡وœ¬',
  `remark` varchar(500) CHARACTER SET utf8mb4 COLLATE utf8mb4_unicode_ci NOT NULL COMMENT 'وµپو°´çڑ„è¯¦ç»†è¯´وکژè®°ه½•',
  `created_at` datetime NOT NULL DEFAULT CURRENT_TIMESTAMP COMMENT 'هˆ›ه»؛و—¶é—´',
  `task_stage` tinyint NULL DEFAULT NULL COMMENT 'ه½“ه‰چن»»هٹ،و‰€ه¤„éک¶و®µï¼ڑ0=هچ•ن»»هٹ،ï¼Œ1=1éک¶و®µï¼Œ2=2éک¶و®µ',
  `task_stage_text` varchar(255) CHARACTER SET utf8mb4 COLLATE utf8mb4_unicode_ci NULL DEFAULT NULL COMMENT 'ه½“ه‰چن»»هٹ،و‰€ه¤„éک¶و®µو–‡وœ¬م€‚',
  PRIMARY KEY (`id`) USING BTREE,
  INDEX `idx_c_user_id`(`c_user_id` ASC) USING BTREE,
  INDEX `idx_flow_type`(`flow_type` ASC) USING BTREE,
  INDEX `idx_related`(`related_type` ASC, `related_id` ASC) USING BTREE,
  INDEX `idx_task_types`(`task_types` ASC) USING BTREE,
  INDEX `idx_created_at`(`created_at` ASC) USING BTREE
) ENGINE = InnoDB AUTO_INCREMENT = 242 CHARACTER SET = utf8mb4 COLLATE = utf8mb4_unicode_ci COMMENT = 'Cç«¯ن»»هٹ،ç»ںè®،è،¨-è®°ه½•Cç«¯ç”¨وˆ·و‰€وœ‰é‡‘é¢‌هڈکهٹ¨' ROW_FORMAT = DYNAMIC;

-- ----------------------------
-- Records of c_task_statistics
-- ----------------------------

-- ----------------------------
-- Table structure for c_user_agent_upgrade_history
-- ----------------------------
DROP TABLE IF EXISTS `c_user_agent_upgrade_history`;
CREATE TABLE `c_user_agent_upgrade_history`  (
  `id` int UNSIGNED NOT NULL AUTO_INCREMENT,
  `c_user_id` int UNSIGNED NOT NULL COMMENT 'Cç«¯ç”¨وˆ·ID',
  `username` varchar(50) CHARACTER SET utf8mb4 COLLATE utf8mb4_0900_ai_ci NOT NULL COMMENT 'ç”¨وˆ·هگچ',
  `from_level` tinyint UNSIGNED NOT NULL COMMENT 'ن»ژه“ھن¸ھç­‰ç؛§',
  `to_level` tinyint UNSIGNED NOT NULL COMMENT 'هˆ°ه“ھن¸ھç­‰ç؛§',
  `admin_id` int UNSIGNED NOT NULL COMMENT 'و“چن½œç®،çگ†ه‘کID',
  `created_at` datetime NOT NULL DEFAULT CURRENT_TIMESTAMP COMMENT 'هˆ›ه»؛و—¶é—´',
  PRIMARY KEY (`id`) USING BTREE,
  INDEX `idx_c_user_id`(`c_user_id` ASC) USING BTREE,
  INDEX `idx_created_at`(`created_at` ASC) USING BTREE
) ENGINE = InnoDB AUTO_INCREMENT = 15 CHARACTER SET = utf8mb4 COLLATE = utf8mb4_0900_ai_ci COMMENT = 'Cç«¯ç”¨وˆ·ن»£çگ†ç­‰ç؛§è·ƒè؟پهژ†هڈ²è،¨' ROW_FORMAT = DYNAMIC;

-- ----------------------------
-- Records of c_user_agent_upgrade_history
-- ----------------------------
INSERT INTO `c_user_agent_upgrade_history` VALUES (5, 5, 'test', 0, 1, 1, '2026-03-09 21:24:51');
INSERT INTO `c_user_agent_upgrade_history` VALUES (6, 5, 'test', 1, 2, 1, '2026-03-09 21:24:53');
INSERT INTO `c_user_agent_upgrade_history` VALUES (7, 5, 'test', 2, 3, 1, '2026-03-14 23:46:01');
INSERT INTO `c_user_agent_upgrade_history` VALUES (8, 18, 'xiaoya', 0, 1, 1, '2026-03-15 13:39:04');
INSERT INTO `c_user_agent_upgrade_history` VALUES (9, 22, 'SGYMQ', 0, 3, 1, '2026-03-15 14:35:25');
INSERT INTO `c_user_agent_upgrade_history` VALUES (10, 42, 'xy25', 0, 1, 1, '2026-03-16 13:16:01');
INSERT INTO `c_user_agent_upgrade_history` VALUES (11, 35, 'YUAN520', 0, 1, 1, '2026-03-16 13:16:21');
INSERT INTO `c_user_agent_upgrade_history` VALUES (12, 26, '1158799864', 0, 1, 1, '2026-03-16 13:16:57');
INSERT INTO `c_user_agent_upgrade_history` VALUES (13, 27, 'mjj20100316', 0, 1, 1, '2026-03-17 21:38:33');
INSERT INTO `c_user_agent_upgrade_history` VALUES (14, 18, 'xiaoya', 1, 3, 1, '2026-03-17 21:46:47');

-- ----------------------------
-- Table structure for c_user_daily_stats
-- ----------------------------
DROP TABLE IF EXISTS `c_user_daily_stats`;
CREATE TABLE `c_user_daily_stats`  (
  `id` bigint UNSIGNED NOT NULL AUTO_INCREMENT COMMENT 'ن¸»é”®ID',
  `c_user_id` bigint UNSIGNED NOT NULL COMMENT 'Cç«¯ç”¨وˆ·ID',
  `stat_date` date NOT NULL COMMENT 'ç»ںè®،و—¥وœں',
  `accept_count` int UNSIGNED NOT NULL DEFAULT 0 COMMENT 'ه½“و—¥وژ¥هچ•و¬،و•°',
  `submit_count` int UNSIGNED NOT NULL DEFAULT 0 COMMENT 'ه½“و—¥وڈگن؛¤و¬،و•°',
  `approved_count` int UNSIGNED NOT NULL DEFAULT 0 COMMENT 'ه½“و—¥é€ڑè؟‡و¬،و•°',
  `rejected_count` int UNSIGNED NOT NULL DEFAULT 0 COMMENT 'ه½“و—¥é©³ه›‍و¬،و•°',
  `created_at` datetime NOT NULL DEFAULT CURRENT_TIMESTAMP COMMENT 'هˆ›ه»؛و—¶é—´',
  `updated_at` datetime NOT NULL DEFAULT CURRENT_TIMESTAMP ON UPDATE CURRENT_TIMESTAMP COMMENT 'و›´و–°و—¶é—´',
  PRIMARY KEY (`id`) USING BTREE,
  UNIQUE INDEX `uk_user_date`(`c_user_id` ASC, `stat_date` ASC) USING BTREE,
  INDEX `idx_c_user_id`(`c_user_id` ASC) USING BTREE,
  INDEX `idx_stat_date`(`stat_date` ASC) USING BTREE
) ENGINE = InnoDB AUTO_INCREMENT = 75 CHARACTER SET = utf8mb4 COLLATE = utf8mb4_unicode_ci COMMENT = 'Cç«¯ç”¨وˆ·و¯ڈو—¥ç»ںè®،è،¨-é™گهˆ¶é©³ه›‍و¬،و•°' ROW_FORMAT = Dynamic;

-- ----------------------------
-- Records of c_user_daily_stats
-- ----------------------------
INSERT INTO `c_user_daily_stats` VALUES (1, 2, '2026-02-27', 1, 0, 0, 0, '2026-02-27 18:31:47', '2026-02-27 18:31:47');
INSERT INTO `c_user_daily_stats` VALUES (2, 3, '2026-02-27', 1, 0, 0, 0, '2026-02-27 18:36:54', '2026-02-27 18:36:54');
INSERT INTO `c_user_daily_stats` VALUES (3, 2, '2026-03-01', 1, 0, 0, 0, '2026-03-01 00:36:33', '2026-03-01 00:36:33');
INSERT INTO `c_user_daily_stats` VALUES (4, 5, '2026-03-01', 1, 1, 0, 0, '2026-03-01 01:00:34', '2026-03-01 01:00:51');
INSERT INTO `c_user_daily_stats` VALUES (5, 5, '2026-03-03', 3, 0, 0, 0, '2026-03-03 11:28:36', '2026-03-03 12:04:06');
INSERT INTO `c_user_daily_stats` VALUES (6, 5, '2026-03-04', 0, 0, 1, 0, '2026-03-04 17:33:01', '2026-03-04 17:33:01');
INSERT INTO `c_user_daily_stats` VALUES (7, 5, '2026-03-05', 1, 0, 0, 0, '2026-03-05 20:59:52', '2026-03-05 20:59:52');
INSERT INTO `c_user_daily_stats` VALUES (8, 5, '2026-03-06', 2, 1, 1, 0, '2026-03-06 11:06:03', '2026-03-06 15:15:01');
INSERT INTO `c_user_daily_stats` VALUES (9, 5, '2026-03-07', 17, 17, 17, 0, '2026-03-07 10:33:54', '2026-03-07 23:12:01');
INSERT INTO `c_user_daily_stats` VALUES (10, 5, '2026-03-08', 2, 1, 1, 0, '2026-03-08 13:38:28', '2026-03-08 14:09:01');
INSERT INTO `c_user_daily_stats` VALUES (11, 18, '2026-03-11', 2, 2, 2, 0, '2026-03-11 12:40:00', '2026-03-11 17:09:01');
INSERT INTO `c_user_daily_stats` VALUES (12, 2, '2026-03-11', 3, 3, 3, 0, '2026-03-11 15:39:15', '2026-03-11 16:05:02');
INSERT INTO `c_user_daily_stats` VALUES (13, 18, '2026-03-13', 5, 4, 3, 1, '2026-03-13 12:44:14', '2026-03-13 13:45:14');
INSERT INTO `c_user_daily_stats` VALUES (14, 19, '2026-03-13', 2, 1, 1, 0, '2026-03-13 12:49:56', '2026-03-13 13:56:01');
INSERT INTO `c_user_daily_stats` VALUES (15, 5, '2026-03-13', 2, 0, 0, 0, '2026-03-13 21:24:08', '2026-03-13 22:25:14');
INSERT INTO `c_user_daily_stats` VALUES (16, 19, '2026-03-14', 2, 2, 2, 0, '2026-03-14 07:45:16', '2026-03-14 08:45:01');
INSERT INTO `c_user_daily_stats` VALUES (17, 5, '2026-03-14', 17, 16, 15, 1, '2026-03-14 09:29:22', '2026-03-14 23:40:44');
INSERT INTO `c_user_daily_stats` VALUES (18, 6, '2026-03-14', 3, 3, 3, 0, '2026-03-14 23:47:59', '2026-03-14 23:50:01');
INSERT INTO `c_user_daily_stats` VALUES (19, 5, '2026-03-15', 4, 3, 2, 1, '2026-03-15 10:54:21', '2026-03-15 12:14:28');
INSERT INTO `c_user_daily_stats` VALUES (20, 19, '2026-03-15', 1, 0, 0, 0, '2026-03-15 14:06:24', '2026-03-15 14:06:24');
INSERT INTO `c_user_daily_stats` VALUES (21, 21, '2026-03-15', 14, 10, 8, 2, '2026-03-15 14:08:20', '2026-03-15 20:52:32');
INSERT INTO `c_user_daily_stats` VALUES (22, 22, '2026-03-15', 4, 3, 2, 1, '2026-03-15 14:23:31', '2026-03-15 21:33:43');
INSERT INTO `c_user_daily_stats` VALUES (23, 23, '2026-03-15', 7, 4, 2, 2, '2026-03-15 16:07:12', '2026-03-15 21:47:01');
INSERT INTO `c_user_daily_stats` VALUES (24, 26, '2026-03-15', 4, 0, 0, 0, '2026-03-15 16:56:00', '2026-03-15 23:00:36');
INSERT INTO `c_user_daily_stats` VALUES (25, 25, '2026-03-15', 9, 9, 5, 4, '2026-03-15 17:04:24', '2026-03-15 18:38:01');
INSERT INTO `c_user_daily_stats` VALUES (26, 27, '2026-03-15', 3, 3, 0, 3, '2026-03-15 17:23:48', '2026-03-15 17:36:42');
INSERT INTO `c_user_daily_stats` VALUES (27, 18, '2026-03-15', 2, 2, 1, 1, '2026-03-15 17:49:28', '2026-03-15 18:40:19');
INSERT INTO `c_user_daily_stats` VALUES (28, 28, '2026-03-15', 5, 3, 3, 0, '2026-03-15 18:24:54', '2026-03-15 21:13:14');
INSERT INTO `c_user_daily_stats` VALUES (29, 35, '2026-03-15', 1, 1, 0, 1, '2026-03-15 19:34:33', '2026-03-15 19:48:04');
INSERT INTO `c_user_daily_stats` VALUES (30, 30, '2026-03-15', 7, 6, 2, 4, '2026-03-15 19:47:12', '2026-03-15 20:28:01');
INSERT INTO `c_user_daily_stats` VALUES (31, 33, '2026-03-15', 2, 0, 0, 0, '2026-03-15 19:51:20', '2026-03-15 20:28:53');
INSERT INTO `c_user_daily_stats` VALUES (32, 31, '2026-03-15', 8, 3, 2, 1, '2026-03-15 19:51:57', '2026-03-15 21:54:10');
INSERT INTO `c_user_daily_stats` VALUES (33, 36, '2026-03-15', 7, 6, 5, 1, '2026-03-15 19:58:12', '2026-03-15 21:50:45');
INSERT INTO `c_user_daily_stats` VALUES (34, 37, '2026-03-15', 2, 0, 0, 0, '2026-03-15 20:02:14', '2026-03-15 20:16:43');
INSERT INTO `c_user_daily_stats` VALUES (35, 39, '2026-03-15', 1, 0, 0, 0, '2026-03-15 20:14:40', '2026-03-15 20:14:40');
INSERT INTO `c_user_daily_stats` VALUES (36, 41, '2026-03-15', 1, 1, 0, 1, '2026-03-15 20:26:08', '2026-03-15 20:30:10');
INSERT INTO `c_user_daily_stats` VALUES (37, 32, '2026-03-15', 1, 0, 0, 0, '2026-03-15 20:52:09', '2026-03-15 20:52:09');
INSERT INTO `c_user_daily_stats` VALUES (38, 42, '2026-03-15', 4, 1, 1, 0, '2026-03-15 21:38:15', '2026-03-15 22:20:42');
INSERT INTO `c_user_daily_stats` VALUES (39, 30, '2026-03-16', 1, 1, 1, 0, '2026-03-16 00:27:41', '2026-03-16 00:40:02');
INSERT INTO `c_user_daily_stats` VALUES (40, 37, '2026-03-16', 3, 3, 3, 0, '2026-03-16 07:23:10', '2026-03-16 07:48:01');
INSERT INTO `c_user_daily_stats` VALUES (41, 5, '2026-03-16', 1, 1, 1, 0, '2026-03-16 09:50:14', '2026-03-16 09:51:35');
INSERT INTO `c_user_daily_stats` VALUES (42, 30, '2026-03-17', 4, 4, 1, 3, '2026-03-17 09:38:31', '2026-03-17 10:05:06');
INSERT INTO `c_user_daily_stats` VALUES (43, 47, '2026-03-17', 1, 0, 0, 0, '2026-03-17 09:54:25', '2026-03-17 09:54:25');
INSERT INTO `c_user_daily_stats` VALUES (44, 22, '2026-03-17', 12, 4, 3, 1, '2026-03-17 09:57:48', '2026-03-17 22:39:43');
INSERT INTO `c_user_daily_stats` VALUES (45, 31, '2026-03-17', 1, 0, 0, 0, '2026-03-17 10:05:38', '2026-03-17 10:05:38');
INSERT INTO `c_user_daily_stats` VALUES (46, 5, '2026-03-17', 5, 4, 0, 4, '2026-03-17 10:06:12', '2026-03-17 22:22:11');
INSERT INTO `c_user_daily_stats` VALUES (47, 28, '2026-03-17', 2, 0, 0, 0, '2026-03-17 10:12:59', '2026-03-17 20:00:24');
INSERT INTO `c_user_daily_stats` VALUES (48, 42, '2026-03-17', 5, 0, 0, 0, '2026-03-17 10:19:08', '2026-03-17 20:29:12');
INSERT INTO `c_user_daily_stats` VALUES (49, 36, '2026-03-17', 3, 3, 0, 3, '2026-03-17 10:23:20', '2026-03-17 10:31:14');
INSERT INTO `c_user_daily_stats` VALUES (50, 55, '2026-03-17', 1, 0, 0, 0, '2026-03-17 11:35:45', '2026-03-17 11:35:45');
INSERT INTO `c_user_daily_stats` VALUES (51, 56, '2026-03-17', 1, 0, 0, 0, '2026-03-17 11:44:20', '2026-03-17 11:44:20');
INSERT INTO `c_user_daily_stats` VALUES (52, 50, '2026-03-17', 1, 1, 1, 0, '2026-03-17 12:09:15', '2026-03-17 12:27:01');
INSERT INTO `c_user_daily_stats` VALUES (53, 35, '2026-03-17', 6, 0, 0, 0, '2026-03-17 12:47:50', '2026-03-17 21:41:08');
INSERT INTO `c_user_daily_stats` VALUES (54, 57, '2026-03-17', 1, 0, 0, 0, '2026-03-17 13:16:14', '2026-03-17 13:16:14');
INSERT INTO `c_user_daily_stats` VALUES (55, 58, '2026-03-17', 7, 7, 7, 0, '2026-03-17 13:57:23', '2026-03-17 14:48:02');
INSERT INTO `c_user_daily_stats` VALUES (56, 60, '2026-03-17', 3, 2, 2, 0, '2026-03-17 15:09:46', '2026-03-17 15:30:02');
INSERT INTO `c_user_daily_stats` VALUES (57, 62, '2026-03-17', 12, 12, 7, 5, '2026-03-17 15:28:33', '2026-03-17 19:09:12');
INSERT INTO `c_user_daily_stats` VALUES (58, 63, '2026-03-17', 12, 10, 9, 1, '2026-03-17 16:28:05', '2026-03-17 22:04:42');
INSERT INTO `c_user_daily_stats` VALUES (59, 40, '2026-03-17', 7, 7, 2, 5, '2026-03-17 17:13:01', '2026-03-17 18:31:01');
INSERT INTO `c_user_daily_stats` VALUES (60, 64, '2026-03-17', 7, 7, 3, 4, '2026-03-17 18:35:39', '2026-03-17 18:58:36');
INSERT INTO `c_user_daily_stats` VALUES (61, 65, '2026-03-17', 4, 1, 0, 1, '2026-03-17 19:04:15', '2026-03-17 20:16:27');
INSERT INTO `c_user_daily_stats` VALUES (62, 66, '2026-03-17', 1, 0, 0, 0, '2026-03-17 19:22:07', '2026-03-17 19:22:07');
INSERT INTO `c_user_daily_stats` VALUES (63, 27, '2026-03-17', 6, 4, 2, 2, '2026-03-17 19:32:43', '2026-03-17 21:15:02');
INSERT INTO `c_user_daily_stats` VALUES (64, 48, '2026-03-17', 3, 0, 0, 0, '2026-03-17 19:40:00', '2026-03-17 20:03:48');
INSERT INTO `c_user_daily_stats` VALUES (65, 67, '2026-03-17', 1, 0, 0, 0, '2026-03-17 19:57:21', '2026-03-17 19:57:21');
INSERT INTO `c_user_daily_stats` VALUES (66, 68, '2026-03-17', 1, 0, 0, 0, '2026-03-17 20:04:33', '2026-03-17 20:04:33');
INSERT INTO `c_user_daily_stats` VALUES (67, 18, '2026-03-17', 2, 1, 1, 0, '2026-03-17 20:10:45', '2026-03-17 22:15:35');
INSERT INTO `c_user_daily_stats` VALUES (68, 25, '2026-03-17', 5, 2, 1, 1, '2026-03-17 20:18:02', '2026-03-17 21:07:42');
INSERT INTO `c_user_daily_stats` VALUES (69, 69, '2026-03-17', 3, 0, 0, 0, '2026-03-17 21:09:38', '2026-03-17 21:34:49');
INSERT INTO `c_user_daily_stats` VALUES (70, 71, '2026-03-17', 1, 0, 0, 0, '2026-03-17 22:20:41', '2026-03-17 22:20:41');
INSERT INTO `c_user_daily_stats` VALUES (71, 53, '2026-03-17', 3, 3, 3, 0, '2026-03-17 22:54:11', '2026-03-17 23:22:01');
INSERT INTO `c_user_daily_stats` VALUES (72, 72, '2026-03-17', 2, 2, 2, 0, '2026-03-17 23:38:41', '2026-03-17 23:58:02');
INSERT INTO `c_user_daily_stats` VALUES (73, 62, '2026-03-18', 2, 0, 0, 0, '2026-03-18 00:00:36', '2026-03-18 00:12:52');
INSERT INTO `c_user_daily_stats` VALUES (74, 48, '2026-03-18', 1, 0, 0, 0, '2026-03-18 00:06:12', '2026-03-18 00:06:12');

-- ----------------------------
-- Table structure for c_user_relations
-- ----------------------------
DROP TABLE IF EXISTS `c_user_relations`;
CREATE TABLE `c_user_relations`  (
  `id` int(10) UNSIGNED ZEROFILL NOT NULL AUTO_INCREMENT,
  `user_id` bigint UNSIGNED NOT NULL,
  `agent_id` bigint UNSIGNED NOT NULL,
  `level` tinyint NOT NULL,
  `created_at` timestamp NULL DEFAULT CURRENT_TIMESTAMP,
  PRIMARY KEY (`id`) USING BTREE,
  UNIQUE INDEX `unique_user_agent`(`user_id` ASC, `agent_id` ASC, `level` ASC) USING BTREE,
  INDEX `agent_id`(`agent_id` ASC) USING BTREE,
  CONSTRAINT `c_user_relations_ibfk_1` FOREIGN KEY (`user_id`) REFERENCES `c_users` (`id`) ON DELETE RESTRICT ON UPDATE RESTRICT,
  CONSTRAINT `c_user_relations_ibfk_2` FOREIGN KEY (`agent_id`) REFERENCES `c_users` (`id`) ON DELETE RESTRICT ON UPDATE RESTRICT
) ENGINE = InnoDB AUTO_INCREMENT = 46 CHARACTER SET = utf8mb4 COLLATE = utf8mb4_unicode_ci COMMENT = 'ن¸€ç؛§é‚€è¯·ن؛Œç؛§é‚€è¯·ه…³ç³»è،¨' ROW_FORMAT = Dynamic;

-- ----------------------------
-- Records of c_user_relations
-- ----------------------------

-- ----------------------------
-- Table structure for c_users
-- ----------------------------
DROP TABLE IF EXISTS `c_users`;
CREATE TABLE `c_users`  (
  `id` bigint UNSIGNED NOT NULL AUTO_INCREMENT COMMENT 'Cç«¯ç”¨وˆ·ID',
  `username` varchar(32) CHARACTER SET utf8mb4 COLLATE utf8mb4_unicode_ci NOT NULL COMMENT 'ç”¨وˆ·هگچï¼ˆه؟…ه،«ï¼Œç™»ه½•è´¦هڈ·ï¼‰',
  `email` varchar(128) CHARACTER SET utf8mb4 COLLATE utf8mb4_unicode_ci NULL DEFAULT NULL COMMENT 'é‚®ç®±ï¼ˆé€‰ه،«ï¼‰',
  `phone` varchar(20) CHARACTER SET utf8mb4 COLLATE utf8mb4_unicode_ci NULL DEFAULT NULL COMMENT 'و‰‹وœ؛هڈ·ï¼ˆé€‰ه،«ï¼‰',
  `password_hash` varchar(255) CHARACTER SET utf8mb4 COLLATE utf8mb4_unicode_ci NOT NULL COMMENT 'ه¯†ç په“ˆه¸Œ',
  `invite_code` varchar(6) CHARACTER SET utf8mb4 COLLATE utf8mb4_unicode_ci NOT NULL COMMENT 'é‚€è¯·ç پï¼ˆ6ن½چو•°ه­—ه­—و¯چç»„هگˆï¼Œه”¯ن¸€ï¼‰',
  `parent_id` bigint UNSIGNED NULL DEFAULT NULL COMMENT 'ن¸ٹç؛§ç”¨وˆ·IDï¼ˆé‚€è¯·ن؛؛IDï¼‰',
  `parent_username` varchar(32) CHARACTER SET utf8mb4 COLLATE utf8mb4_unicode_ci NULL DEFAULT NULL COMMENT 'ن¸ٹç؛§ç”¨وˆ·هگچ',
  `is_agent` tinyint NOT NULL DEFAULT 0 COMMENT 'ن»£çگ†è؛«ن»½ï¼ڑ0=و™®é€ڑç”¨وˆ·ï¼Œ1=و™®é€ڑه›¢é•؟ï¼Œ2=é«کç؛§ه›¢é•؟ï¼Œ3=ه¤§ه›¢ه›¢é•؟',
  `token` varchar(512) CHARACTER SET utf8mb4 COLLATE utf8mb4_unicode_ci NULL DEFAULT NULL COMMENT 'ه½“ه‰چوœ‰و•ˆTokenï¼ˆbase64و ¼ه¼ڈï¼‰',
  `token_expired_at` datetime NULL DEFAULT NULL COMMENT 'Tokenè؟‡وœںو—¶é—´',
  `wallet_id` bigint UNSIGNED NULL DEFAULT NULL COMMENT 'ه…³èپ”é’±هŒ…ID',
  `status` tinyint NOT NULL DEFAULT 1 COMMENT 'çٹ¶و€پï¼ڑ1=و­£ه¸¸ï¼Œ0=ç¦پç”¨',
  `reason` varchar(500) CHARACTER SET utf8mb4 COLLATE utf8mb4_unicode_ci NULL DEFAULT NULL COMMENT 'ç¦پç”¨هژںه› ',
  `create_ip` varchar(45) CHARACTER SET utf8mb4 COLLATE utf8mb4_unicode_ci NULL DEFAULT NULL COMMENT 'و³¨ه†ŒIPهœ°ه‌€ï¼ˆو”¯وŒپIPv6ï¼‰',
  `created_at` datetime NOT NULL DEFAULT CURRENT_TIMESTAMP COMMENT 'هˆ›ه»؛و—¶é—´',
  `updated_at` datetime NOT NULL DEFAULT CURRENT_TIMESTAMP ON UPDATE CURRENT_TIMESTAMP COMMENT 'و›´و–°و—¶é—´',
  `blocked_status` tinyint NOT NULL DEFAULT 0 COMMENT 'ه°پç¦پçٹ¶و€پï¼ڑ0=ن¸چç¦پو­¢ï¼Œ1=ç¦پو­¢وژ¥هچ•ï¼Œ2=ç¦پو­¢ç™»é™†',
  `blocked_start_time` datetime NULL DEFAULT NULL COMMENT 'ه°پç¦په¼€ه§‹و—¶é—´',
  `blocked_duration` int NULL DEFAULT NULL COMMENT 'ه°پç¦پو—¶é•؟ï¼ˆهچ•ن½چï¼ڑه°ڈو—¶ï¼‰',
  `blocked_end_time` datetime NULL DEFAULT NULL COMMENT 'è‡ھهٹ¨è§£ç¦پو—¶é—´',
  `device_id` varchar(255) CHARACTER SET utf8mb4 COLLATE utf8mb4_unicode_ci NULL DEFAULT NULL COMMENT 'ه½“ه‰چç™»ه½•è®¾ه¤‡ID',
  `device_name` varchar(255) CHARACTER SET utf8mb4 COLLATE utf8mb4_unicode_ci NULL DEFAULT NULL COMMENT 'ه½“ه‰چç™»ه½•è®¾ه¤‡هگچç§°',
  `max_devices` int NOT NULL DEFAULT 1 COMMENT 'وœ€ه¤§ه…پè®¸ç™»ه½•è®¾ه¤‡و•°ï¼Œ0è،¨ç¤؛و— é™گهˆ¶',
  `last_login_device` varchar(512) CHARACTER SET utf8mb4 COLLATE utf8mb4_unicode_ci NULL DEFAULT NULL COMMENT 'وœ€هگژç™»ه½•è®¾ه¤‡ن؟،وپ¯ï¼ˆJSONو ¼ه¼ڈï¼‰',
  `device_list` text CHARACTER SET utf8mb4 COLLATE utf8mb4_unicode_ci NULL COMMENT 'ه·²ç™»ه½•è®¾ه¤‡هˆ—è،¨ï¼ˆJSONو ¼ه¼ڈï¼‰',
  PRIMARY KEY (`id`) USING BTREE,
  UNIQUE INDEX `uk_username`(`username` ASC) USING BTREE,
  UNIQUE INDEX `uk_invite_code`(`invite_code` ASC) USING BTREE,
  UNIQUE INDEX `uk_phone`(`phone` ASC) USING BTREE,
  INDEX `idx_parent_id`(`parent_id` ASC) USING BTREE,
  INDEX `idx_is_agent`(`is_agent` ASC) USING BTREE,
  INDEX `idx_token`(`token`(255) ASC) USING BTREE,
  INDEX `idx_wallet_id`(`wallet_id` ASC) USING BTREE,
  INDEX `idx_status`(`status` ASC) USING BTREE,
  INDEX `idx_created_at`(`created_at` ASC) USING BTREE,
  INDEX `idx_blocked_status`(`blocked_status` ASC) USING BTREE,
  INDEX `idx_blocked_end_time`(`blocked_end_time` ASC) USING BTREE,
  INDEX `idx_device_id`(`device_id` ASC) USING BTREE
) ENGINE = InnoDB AUTO_INCREMENT = 78 CHARACTER SET = utf8mb4 COLLATE = utf8mb4_unicode_ci COMMENT = 'Cç«¯ç”¨وˆ·è،¨-و¶ˆè´¹è€…ç«¯' ROW_FORMAT = Dynamic;

-- ----------------------------
-- Records of c_users
-- ----------------------------
INSERT INTO `c_users` VALUES (1, 'taskadmin', 'taskadmin@qq.com', NULL, '$2y$10$9gww7TqOTzSA9SqchkFEgeYftRKlJ4ciYWL6IiD8DPUbQv8/PnCGe', 'W6XMFJ', NULL, NULL, 0, 'eyJ1c2VyX2lkIjoxLCJ0eXBlIjoxLCJleHAiOjE3NzI3NzM1OTN9', '2026-03-06 13:06:33', 3, 1, NULL, '120.237.23.202', '2026-02-27 13:06:22', '2026-02-27 13:06:33', 0, NULL, NULL, NULL, NULL, NULL, 1, NULL, NULL);
INSERT INTO `c_users` VALUES (2, 'Ceshi', '12345678@qq.com', '13112345678', '$2y$10$hkD.XBnEsk7iKbrYdpuxyOmrn.vME26Z1gzkXkBEXaUQMey5b3MAm', '6YHUBA', NULL, NULL, 0, 'eyJ1c2VyX2lkIjoyLCJ0eXBlIjoxLCJleHAiOjE3NzQxNTk0Mzh9', '2026-03-22 14:03:58', 4, 1, NULL, '34.143.229.197', '2026-02-27 17:24:33', '2026-03-15 14:03:58', 0, NULL, NULL, NULL, '35aa9b33da8a7c5e4f350928f43ad299', 'Win32 Mozilla/5.0', 1, '{\"device_id\":\"35aa9b33da8a7c5e4f350928f43ad299\",\"device_name\":\"Win32 Mozilla\\/5.0\",\"login_time\":\"2026-03-15 14:03:58\",\"last_activity\":\"2026-03-15 14:03:58\"}', '[{\"device_id\":\"35aa9b33da8a7c5e4f350928f43ad299\",\"device_name\":\"Win32 Mozilla\\/5.0\",\"login_time\":\"2026-03-15 14:03:58\",\"last_activity\":\"2026-03-15 14:03:58\"}]');
INSERT INTO `c_users` VALUES (3, 'Ceshi2', '123456789@qq.com', '13212345678', '$2y$10$Cvl7CIY5Oj2gPcKSvNE2mONLRs14Rr1ndstVn2FHJlco8GmXxS586', 'MCVFM9', NULL, NULL, 0, 'eyJ1c2VyX2lkIjozLCJ0eXBlIjoxLCJleHAiOjE3NzI3OTMxODh9', '2026-03-06 18:33:08', 5, 1, NULL, '34.143.229.197', '2026-02-27 17:26:28', '2026-02-27 18:33:08', 0, NULL, NULL, NULL, NULL, NULL, 1, NULL, NULL);
INSERT INTO `c_users` VALUES (4, 'Ceshi3', '123455677@qq.com', '13312345678', '$2y$10$qydW3B1EXlxJou5CUfPMaOvssOD/K8GugvQh.BeeX/KGBpPGC3awq', 'CZBBF5', NULL, NULL, 0, 'eyJ1c2VyX2lkIjo0LCJ0eXBlIjoxLCJleHAiOjE3NzI3ODk0Njh9', '2026-03-06 17:31:08', 6, 1, NULL, '34.143.229.197', '2026-02-27 17:31:08', '2026-02-27 17:31:08', 0, NULL, NULL, NULL, NULL, NULL, 1, NULL, NULL);
INSERT INTO `c_users` VALUES (5, 'test', 'test@qq.com', '15900000011', '$2y$10$hkD.XBnEsk7iKbrYdpuxyOmrn.vME26Z1gzkXkBEXaUQMey5b3MAm', 'TX5ECJ', NULL, NULL, 2, NULL, NULL, 8, 1, NULL, '223.74.60.135', '2026-03-01 00:53:23', '2026-03-21 10:08:37', 0, NULL, NULL, NULL, '35aa9b33da8a7c5e4f350928f43ad299', 'Win32 Mozilla/5.0', 1, '{\"device_id\":\"35aa9b33da8a7c5e4f350928f43ad299\",\"device_name\":\"Win32 Mozilla\\/5.0\",\"login_time\":\"2026-03-21 10:07:42\",\"last_activity\":\"2026-03-21 10:07:42\"}', '[{\"device_id\":\"35aa9b33da8a7c5e4f350928f43ad299\",\"device_name\":\"Win32 Mozilla\\/5.0\",\"login_time\":\"2026-03-21 10:07:42\",\"last_activity\":\"2026-03-21 10:07:42\"}]');
INSERT INTO `c_users` VALUES (6, 'tasktest', '', '13794719208', '$2y$10$hkD.XBnEsk7iKbrYdpuxyOmrn.vME26Z1gzkXkBEXaUQMey5b3MAm', 'Z2AYEM', 5, NULL, 2, 'eyJ1c2VyX2lkIjo2LCJ0eXBlIjoxLCJleHAiOjE3NzQxMTAxMDF9', '2026-03-22 00:21:41', 9, 1, NULL, '223.74.60.135', '2026-03-02 00:12:06', '2026-03-15 00:21:41', 0, NULL, NULL, NULL, 'f989d1cf067071e57e5afa61e6587acc', 'Win32 Mozilla/5.0', 1, '{\"device_id\":\"f989d1cf067071e57e5afa61e6587acc\",\"device_name\":\"Win32 Mozilla\\/5.0\",\"login_time\":\"2026-03-15 00:21:41\",\"last_activity\":\"2026-03-15 00:21:41\"}', '[{\"device_id\":\"f989d1cf067071e57e5afa61e6587acc\",\"device_name\":\"Win32 Mozilla\\/5.0\",\"login_time\":\"2026-03-15 00:21:41\",\"last_activity\":\"2026-03-15 00:21:41\"}]');
INSERT INTO `c_users` VALUES (18, 'xiaoya', NULL, '13049610316', '$2y$10$s1KchbOeEqAqEGP1DjV15O4ZLf5yOKvNAE0.yphtXxvtwNo0Z6upG', 'KZPAUU', 5, NULL, 3, 'eyJ1c2VyX2lkIjoxOCwidHlwZSI6MSwiZXhwIjoxNzc0NDI1NTY0fQ==', '2026-03-25 15:59:24', 23, 1, NULL, '223.74.60.185', '2026-03-11 12:23:27', '2026-03-18 15:59:24', 0, NULL, NULL, NULL, 'd4bdb37a26509bbc496ede416e5756cc', 'Win32 Mozilla/5.0', 1, '{\"device_id\":\"d4bdb37a26509bbc496ede416e5756cc\",\"device_name\":\"Win32 Mozilla\\/5.0\",\"login_time\":\"2026-03-18 15:59:24\",\"last_activity\":\"2026-03-18 15:59:24\"}', '[{\"device_id\":\"d4bdb37a26509bbc496ede416e5756cc\",\"device_name\":\"Win32 Mozilla\\/5.0\",\"login_time\":\"2026-03-18 15:59:24\",\"last_activity\":\"2026-03-18 15:59:24\"}]');
INSERT INTO `c_users` VALUES (19, 'Kenwan', 'null@qq.com', '13257620552', '$2y$10$CH2SlVv03LLAM75gqjtHyOXjhqa3KYePjrarJm9EbMN4BqwaSfPSS', 'H8P2UG', 18, NULL, 0, 'eyJ1c2VyX2lkIjoxOSwidHlwZSI6MSwiZXhwIjoxNzc0MTU4NTU5fQ==', '2026-03-22 13:49:19', 24, 1, NULL, '34.143.229.197', '2026-03-13 12:47:21', '2026-03-15 13:49:19', 0, NULL, NULL, NULL, 'f5b3907aa145671fab0e3be584658d45', 'Win32 Mozilla/5.0', 1, '{\"device_id\":\"f5b3907aa145671fab0e3be584658d45\",\"device_name\":\"Win32 Mozilla\\/5.0\",\"login_time\":\"2026-03-15 13:49:19\",\"last_activity\":\"2026-03-15 13:49:19\"}', '[{\"device_id\":\"f5b3907aa145671fab0e3be584658d45\",\"device_name\":\"Win32 Mozilla\\/5.0\",\"login_time\":\"2026-03-15 13:49:19\",\"last_activity\":\"2026-03-15 13:49:19\"}]');
INSERT INTO `c_users` VALUES (20, '716716888', NULL, '17888643125', '$2y$10$aXFU.lAniJe8.z.kkuipVOrY0ANjku.pWnrkPSdH3rRMohQhRaeAC', 'BTKW7A', 5, NULL, 0, 'eyJ1c2VyX2lkIjoyMCwidHlwZSI6MSwiZXhwIjoxNzc0MTU0NjkzfQ==', '2026-03-22 12:44:53', 25, 1, NULL, '34.143.229.197', '2026-03-15 12:42:31', '2026-03-15 12:44:53', 0, NULL, NULL, NULL, '64825d714400faca673529a3a42d6c68', 'iPhone', 1, '{\"device_id\":\"64825d714400faca673529a3a42d6c68\",\"device_name\":\"iPhone\",\"login_time\":\"2026-03-15 12:44:53\",\"last_activity\":\"2026-03-15 12:44:53\"}', '[{\"device_id\":\"64825d714400faca673529a3a42d6c68\",\"device_name\":\"iPhone\",\"login_time\":\"2026-03-15 12:44:53\",\"last_activity\":\"2026-03-15 12:44:53\"}]');
INSERT INTO `c_users` VALUES (21, 'LF0730', NULL, '15073009153', '$2y$10$Md/wGNlek9OCSMNT2aAsMeXZPdMtEWIHGWQYkViCQmM5gZ/YkOacu', 'K9mPx2', 23, NULL, 0, 'eyJ1c2VyX2lkIjoyMSwidHlwZSI6MSwiZXhwIjoxNzc0NDk5MzY4fQ==', '2026-03-26 12:29:28', 27, 1, NULL, '34.143.229.197', '2026-03-15 13:52:44', '2026-03-19 12:29:28', 0, NULL, NULL, NULL, '2eb3df2e815b5b652db08c1395f5ae55', 'zh-cn', 1, '{\"device_id\":\"2eb3df2e815b5b652db08c1395f5ae55\",\"device_name\":\"zh-cn\",\"login_time\":\"2026-03-19 12:29:28\",\"last_activity\":\"2026-03-19 12:29:28\"}', '[{\"device_id\":\"2eb3df2e815b5b652db08c1395f5ae55\",\"device_name\":\"zh-cn\",\"login_time\":\"2026-03-19 12:29:28\",\"last_activity\":\"2026-03-19 12:29:28\"}]');
INSERT INTO `c_users` VALUES (22, 'SGYMQ', NULL, '13829805453', '$2y$10$fSqelh523k5n9fG1/5rLpOGGhUeeyKaOabXOs7TCH6Njh5THanNzu', 'NB4FJA', 5, NULL, 3, 'eyJ1c2VyX2lkIjoyMiwidHlwZSI6MSwiZXhwIjoxNzc0NDI4NTM0fQ==', '2026-03-25 16:48:54', 28, 1, NULL, '34.143.229.197', '2026-03-15 14:22:08', '2026-03-18 16:48:54', 0, NULL, NULL, NULL, 'b12ab4ddf1ac35fbc4f576c372eb044b', 'zh-CN', 1, '{\"device_id\":\"b12ab4ddf1ac35fbc4f576c372eb044b\",\"device_name\":\"zh-CN\",\"login_time\":\"2026-03-18 16:48:54\",\"last_activity\":\"2026-03-18 16:48:54\"}', '[{\"device_id\":\"b12ab4ddf1ac35fbc4f576c372eb044b\",\"device_name\":\"zh-CN\",\"login_time\":\"2026-03-18 16:48:54\",\"last_activity\":\"2026-03-18 16:48:54\"}]');
INSERT INTO `c_users` VALUES (23, '840112512512', NULL, '18874021967', '$2y$10$3psNbu8YCwiJAd6LEAiwkOqNpQi05j/8svaS0.AmQbAh6wKL03bJy', 'VUZJWG', 5, NULL, 2, 'eyJ1c2VyX2lkIjoyMywidHlwZSI6MSwiZXhwIjoxNzc0NDk1MTE3fQ==', '2026-03-26 11:18:37', 29, 1, NULL, '34.143.229.197', '2026-03-15 15:05:50', '2026-03-19 11:18:37', 0, NULL, NULL, NULL, 'd1be6d4ad0e3b046a4567609b19fa91c', 'PHM110 Build/AP3A.240617.008', 1, '{\"device_id\":\"d1be6d4ad0e3b046a4567609b19fa91c\",\"device_name\":\"PHM110 Build\\/AP3A.240617.008\",\"login_time\":\"2026-03-19 11:18:37\",\"last_activity\":\"2026-03-19 11:18:37\"}', '[{\"device_id\":\"d1be6d4ad0e3b046a4567609b19fa91c\",\"device_name\":\"PHM110 Build\\/AP3A.240617.008\",\"login_time\":\"2026-03-19 11:18:37\",\"last_activity\":\"2026-03-19 11:18:37\"}]');
INSERT INTO `c_users` VALUES (24, 'jwf888', NULL, '13028828678', '$2y$10$oVRphofDmt.d9BcaRjDvC.mLDYExLji8fZrDgdGXMQkm0t1z.ETlu', 'RNFJJA', 5, NULL, 0, 'eyJ1c2VyX2lkIjoyNCwidHlwZSI6MSwiZXhwIjoxNzc0MTY0Nzg2fQ==', '2026-03-22 15:33:06', 30, 1, NULL, '34.143.229.197', '2026-03-15 15:33:06', '2026-03-15 15:33:06', 0, NULL, NULL, NULL, NULL, NULL, 1, NULL, NULL);
INSERT INTO `c_users` VALUES (25, 'na0430', NULL, '19317932440', '$2y$10$OZ9DMKAV0VkFua2xH3dWiO2TyBVw09Cqr3wFjGCp4wVxzHKiXOc7G', 'ZJZ353', 22, NULL, 0, 'eyJ1c2VyX2lkIjoyNSwidHlwZSI6MSwiZXhwIjoxNzc0NTc4NTMwfQ==', '2026-03-27 10:28:50', 31, 1, NULL, '34.143.229.197', '2026-03-15 16:48:38', '2026-03-20 10:28:50', 0, NULL, NULL, NULL, '4853be6bddae5ebf3f90622fbd512067', 'iPhone', 1, '{\"device_id\":\"4853be6bddae5ebf3f90622fbd512067\",\"device_name\":\"iPhone\",\"login_time\":\"2026-03-20 10:28:50\",\"last_activity\":\"2026-03-20 10:28:50\"}', '[{\"device_id\":\"4853be6bddae5ebf3f90622fbd512067\",\"device_name\":\"iPhone\",\"login_time\":\"2026-03-20 10:28:50\",\"last_activity\":\"2026-03-20 10:28:50\"}]');
INSERT INTO `c_users` VALUES (26, '1158799864', NULL, '15156763788', '$2y$10$xvpzk1I7FQqXIX2b8/WMgO2mzZFmT7BPjqWKv4nzdsA4lTQln2dMS', 'VH6XZ2', 22, NULL, 1, 'eyJ1c2VyX2lkIjoyNiwidHlwZSI6MSwiZXhwIjoxNzc0MTgxODk0fQ==', '2026-03-22 20:18:14', 32, 1, NULL, '34.143.229.197', '2026-03-15 16:55:20', '2026-03-16 13:16:57', 0, NULL, NULL, NULL, '98a8be506cb34dc8a88a530d6c4acac8', 'zh-cn', 1, '{\"device_id\":\"98a8be506cb34dc8a88a530d6c4acac8\",\"device_name\":\"zh-cn\",\"login_time\":\"2026-03-15 20:18:14\",\"last_activity\":\"2026-03-15 20:18:14\"}', '[{\"device_id\":\"98a8be506cb34dc8a88a530d6c4acac8\",\"device_name\":\"zh-cn\",\"login_time\":\"2026-03-15 20:18:14\",\"last_activity\":\"2026-03-15 20:18:14\"}]');
INSERT INTO `c_users` VALUES (27, 'mjj20100316', NULL, '15299266549', '$2y$10$L2GnFMnZCpxbRqk6pj.OFuEohsPxwqScmDXJKW8/4GvJVCX218luK', 'CDXGAJ', 22, NULL, 1, 'eyJ1c2VyX2lkIjoyNywidHlwZSI6MSwiZXhwIjoxNzc0NjA0Mjc0fQ==', '2026-03-27 17:37:54', 34, 1, NULL, '34.143.229.197', '2026-03-15 17:22:13', '2026-03-20 17:37:54', 0, NULL, NULL, NULL, 'a89a07780467e385548347bbeebad032', 'zh-cn', 1, '{\"device_id\":\"a89a07780467e385548347bbeebad032\",\"device_name\":\"zh-cn\",\"login_time\":\"2026-03-20 17:37:54\",\"last_activity\":\"2026-03-20 17:37:54\"}', '[{\"device_id\":\"a89a07780467e385548347bbeebad032\",\"device_name\":\"zh-cn\",\"login_time\":\"2026-03-20 17:37:54\",\"last_activity\":\"2026-03-20 17:37:54\"}]');
INSERT INTO `c_users` VALUES (28, 'swen', NULL, '18815550392', '$2y$10$9le9FjJ4mkeXV4yeyoykUuhhEQfma36m20oXrY8bLqYKfm2imVqHG', '3U3UMU', 26, NULL, 0, 'eyJ1c2VyX2lkIjoyOCwidHlwZSI6MSwiZXhwIjoxNzc0MzUzNTk5fQ==', '2026-03-24 19:59:59', 35, 1, NULL, '34.143.229.197', '2026-03-15 18:16:34', '2026-03-17 19:59:59', 0, NULL, NULL, NULL, 'cfe6393ee7b76ae5b2cf900ab73a043a', 'zh-cn', 1, '{\"device_id\":\"cfe6393ee7b76ae5b2cf900ab73a043a\",\"device_name\":\"zh-cn\",\"login_time\":\"2026-03-17 19:59:59\",\"last_activity\":\"2026-03-17 19:59:59\"}', '[{\"device_id\":\"cfe6393ee7b76ae5b2cf900ab73a043a\",\"device_name\":\"zh-cn\",\"login_time\":\"2026-03-17 19:59:59\",\"last_activity\":\"2026-03-17 19:59:59\"}]');
INSERT INTO `c_users` VALUES (29, 'zxcvbnm', NULL, '15055076758', '$2y$10$dKFOhn4H4B944b41xhSbGuk9WtduJNv7U7IbnNLhaFoj2nwUrn37O', 'U3J84E', 26, NULL, 0, 'eyJ1c2VyX2lkIjoyOSwidHlwZSI6MSwiZXhwIjoxNzc0MTc3OTg4fQ==', '2026-03-22 19:13:08', 36, 1, NULL, '34.143.229.197', '2026-03-15 19:12:49', '2026-03-15 19:13:08', 0, NULL, NULL, NULL, 'de33f3516f1e5a7110427e2a6453a9f0', '23127PN0CC Build/BP2A.250605.031.A3', 1, '{\"device_id\":\"de33f3516f1e5a7110427e2a6453a9f0\",\"device_name\":\"23127PN0CC Build\\/BP2A.250605.031.A3\",\"login_time\":\"2026-03-15 19:13:08\",\"last_activity\":\"2026-03-15 19:13:08\"}', '[{\"device_id\":\"de33f3516f1e5a7110427e2a6453a9f0\",\"device_name\":\"23127PN0CC Build\\/BP2A.250605.031.A3\",\"login_time\":\"2026-03-15 19:13:08\",\"last_activity\":\"2026-03-15 19:13:08\"}]');
INSERT INTO `c_users` VALUES (30, 'songjuan520', NULL, '15004147008', '$2y$10$Rb60hv6x3cXVcnjL4dG7yuBizsDEqkvHwWGGM3DBPYSOfaLhxtFJi', 'KRCZ3C', 26, NULL, 0, 'eyJ1c2VyX2lkIjozMCwidHlwZSI6MSwiZXhwIjoxNzc0NTIzODY5fQ==', '2026-03-26 19:17:49', 37, 1, NULL, '34.143.229.197', '2026-03-15 19:17:41', '2026-03-19 19:17:49', 0, NULL, NULL, NULL, '35fcd434ed3e3e84d13ed13d40628633', 'iPhone', 1, '{\"device_id\":\"35fcd434ed3e3e84d13ed13d40628633\",\"device_name\":\"iPhone\",\"login_time\":\"2026-03-19 19:17:49\",\"last_activity\":\"2026-03-19 19:17:49\"}', '[{\"device_id\":\"35fcd434ed3e3e84d13ed13d40628633\",\"device_name\":\"iPhone\",\"login_time\":\"2026-03-19 19:17:49\",\"last_activity\":\"2026-03-19 19:17:49\"}]');
INSERT INTO `c_users` VALUES (31, 'w621718', NULL, '13614243021', '$2y$10$EXH9oa35iZo2UeWHD1bhtusjFttP0i5dx1jRIK1NC7y9o4tlk7W3y', '8NGJWH', 26, NULL, 0, 'eyJ1c2VyX2lkIjozMSwidHlwZSI6MSwiZXhwIjoxNzc0MTgwMjk4fQ==', '2026-03-22 19:51:38', 38, 1, NULL, '34.143.229.197', '2026-03-15 19:19:35', '2026-03-15 19:51:38', 0, NULL, NULL, NULL, '5a6ad8e85fc8535d2c085b6d3ae48ef0', 'zh-cn', 1, '{\"device_id\":\"5a6ad8e85fc8535d2c085b6d3ae48ef0\",\"device_name\":\"zh-cn\",\"login_time\":\"2026-03-15 19:51:38\",\"last_activity\":\"2026-03-15 19:51:38\"}', '[{\"device_id\":\"5a6ad8e85fc8535d2c085b6d3ae48ef0\",\"device_name\":\"zh-cn\",\"login_time\":\"2026-03-15 19:51:38\",\"last_activity\":\"2026-03-15 19:51:38\"}]');
INSERT INTO `c_users` VALUES (32, 'yangyang', 'null@qq.com', '19213916686', '$2y$10$rE/LYC9bdiWGbLynHr.YF.1.AeYZG9ONfTPZwYW55Zrfi791t5ebm', 'VK9NTZ', 5, NULL, 2, 'eyJ1c2VyX2lkIjozMiwidHlwZSI6MSwiZXhwIjoxNzc0MTg0NTY3fQ==', '2026-03-22 21:02:47', 39, 1, NULL, '34.143.229.197', '2026-03-15 19:23:26', '2026-03-15 21:02:47', 0, NULL, NULL, NULL, '2ec303deaf8a31d0a0e9b6e019c48f76', 'iPhone', 1, '{\"device_id\":\"2ec303deaf8a31d0a0e9b6e019c48f76\",\"device_name\":\"iPhone\",\"login_time\":\"2026-03-15 21:02:47\",\"last_activity\":\"2026-03-15 21:02:47\"}', '[{\"device_id\":\"2ec303deaf8a31d0a0e9b6e019c48f76\",\"device_name\":\"iPhone\",\"login_time\":\"2026-03-15 21:02:47\",\"last_activity\":\"2026-03-15 21:02:47\"}]');
INSERT INTO `c_users` VALUES (33, '2580', NULL, '17356743965', '$2y$10$3Acok1Ww3RevQWOTesc93OUsBda1m9q7HtQkwqaDoNiVF4QoT5TDq', '35E6AJ', 26, NULL, 0, 'eyJ1c2VyX2lkIjozMywidHlwZSI6MSwiZXhwIjoxNzc0MTgwMjIxfQ==', '2026-03-22 19:50:21', 40, 1, NULL, '34.143.229.197', '2026-03-15 19:27:09', '2026-03-15 19:50:21', 0, NULL, NULL, NULL, '0963e7723014ffa869eaf749289a5c21', 'zh-cn', 1, '{\"device_id\":\"0963e7723014ffa869eaf749289a5c21\",\"device_name\":\"zh-cn\",\"login_time\":\"2026-03-15 19:50:21\",\"last_activity\":\"2026-03-15 19:50:21\"}', '[{\"device_id\":\"0963e7723014ffa869eaf749289a5c21\",\"device_name\":\"zh-cn\",\"login_time\":\"2026-03-15 19:50:21\",\"last_activity\":\"2026-03-15 19:50:21\"}]');
INSERT INTO `c_users` VALUES (34, '123456w', NULL, '16663908886', '$2y$10$E6vuf7sf29iExVP6cW.99OECpt2GM5nih4JV7asOV1LiJYf/8tvnu', 'PHE8XZ', 5, NULL, 0, 'eyJ1c2VyX2lkIjozNCwidHlwZSI6MSwiZXhwIjoxNzc0MTc4OTUzfQ==', '2026-03-22 19:29:13', 41, 1, NULL, '34.143.229.197', '2026-03-15 19:29:13', '2026-03-15 19:29:13', 0, NULL, NULL, NULL, NULL, NULL, 1, NULL, NULL);
INSERT INTO `c_users` VALUES (35, 'YUAN520', NULL, '13517552165', '$2y$10$ocPsCw50bfE5nOxor0nPae6cskd7qXzyCxl/0Qd76zBh.7CVV0BvC', '2RUDMW', 22, NULL, 1, 'eyJ1c2VyX2lkIjozNSwidHlwZSI6MSwiZXhwIjoxNzc0MTc4OTg2fQ==', '2026-03-22 19:29:46', 42, 1, NULL, '34.143.229.197', '2026-03-15 19:29:22', '2026-03-16 13:16:21', 0, NULL, NULL, NULL, '1c38ecbe464d98c1313590c7141af431', 'zh-cn', 1, '{\"device_id\":\"1c38ecbe464d98c1313590c7141af431\",\"device_name\":\"zh-cn\",\"login_time\":\"2026-03-15 19:29:46\",\"last_activity\":\"2026-03-15 19:29:46\"}', '[{\"device_id\":\"1c38ecbe464d98c1313590c7141af431\",\"device_name\":\"zh-cn\",\"login_time\":\"2026-03-15 19:29:46\",\"last_activity\":\"2026-03-15 19:29:46\"}]');
INSERT INTO `c_users` VALUES (36, 'guizhang8582', NULL, '18086605146', '$2y$10$8AOamGp8W91eubiDGTC7.OwAtXZ/Y1g/lCTPfhPBR3MYW.yD9/u5.', '3PWSPZ', 26, NULL, 0, 'eyJ1c2VyX2lkIjozNiwidHlwZSI6MSwiZXhwIjoxNzc0NDQzODEzfQ==', '2026-03-25 21:03:33', 43, 1, NULL, '34.143.229.197', '2026-03-15 19:57:09', '2026-03-18 21:03:33', 0, NULL, NULL, NULL, 'f052eb27f9c3c385f675ecede1ce9be3', 'zh-cn', 1, '{\"device_id\":\"f052eb27f9c3c385f675ecede1ce9be3\",\"device_name\":\"zh-cn\",\"login_time\":\"2026-03-18 21:03:33\",\"last_activity\":\"2026-03-18 21:03:33\"}', '[{\"device_id\":\"f052eb27f9c3c385f675ecede1ce9be3\",\"device_name\":\"zh-cn\",\"login_time\":\"2026-03-18 21:03:33\",\"last_activity\":\"2026-03-18 21:03:33\"}]');
INSERT INTO `c_users` VALUES (37, '18607307586', NULL, '19330092578', '$2y$10$7TbPk/rrhg3mu1FGe8qji..psn5K567.LaLHxpg1gKzW8BdaPaz9K', 'Z7CFWX', 23, NULL, 0, 'eyJ1c2VyX2lkIjozNywidHlwZSI6MSwiZXhwIjoxNzc0MzA5MjQ3fQ==', '2026-03-24 07:40:47', 44, 1, NULL, '34.143.229.197', '2026-03-15 20:01:16', '2026-03-17 07:40:47', 0, NULL, NULL, NULL, 'ef8a49385ea03949b5fea3cc27f6e646', 'V2163A Build/UP1A.231005.007', 1, '{\"device_id\":\"ef8a49385ea03949b5fea3cc27f6e646\",\"device_name\":\"V2163A Build\\/UP1A.231005.007\",\"login_time\":\"2026-03-17 07:40:47\",\"last_activity\":\"2026-03-17 07:40:47\"}', '[{\"device_id\":\"ef8a49385ea03949b5fea3cc27f6e646\",\"device_name\":\"V2163A Build\\/UP1A.231005.007\",\"login_time\":\"2026-03-17 07:40:47\",\"last_activity\":\"2026-03-17 07:40:47\"}]');
INSERT INTO `c_users` VALUES (38, '78111000', NULL, '15574958487', '$2y$10$/K/mxikIXG6FlR.WXB.cAufzyxbFlfjp5n2Mc6aknakVUK2idekIq', 'EX6WGE', 23, NULL, 0, 'eyJ1c2VyX2lkIjozOCwidHlwZSI6MSwiZXhwIjoxNzc0MTgwODgxfQ==', '2026-03-22 20:01:21', 45, 1, NULL, '34.143.229.197', '2026-03-15 20:01:21', '2026-03-15 20:01:21', 0, NULL, NULL, NULL, NULL, NULL, 1, NULL, NULL);
INSERT INTO `c_users` VALUES (39, '781101zwr', NULL, '18890355487', '$2y$10$AlXyuZXdWnto073fVn04e.lVDiPxOq.MwQbjvu7lstBv6dMo6cOFu', 'B2NWQZ', 23, NULL, 0, 'eyJ1c2VyX2lkIjozOSwidHlwZSI6MSwiZXhwIjoxNzc0MjY0NDcwfQ==', '2026-03-23 19:14:30', 46, 1, NULL, '34.143.229.197', '2026-03-15 20:12:49', '2026-03-16 19:14:30', 0, NULL, NULL, NULL, 'd1be6d4ad0e3b046a4567609b19fa91c', 'PHM110 Build/AP3A.240617.008', 1, '{\"device_id\":\"d1be6d4ad0e3b046a4567609b19fa91c\",\"device_name\":\"PHM110 Build\\/AP3A.240617.008\",\"login_time\":\"2026-03-16 19:14:30\",\"last_activity\":\"2026-03-16 19:14:30\"}', '[{\"device_id\":\"d1be6d4ad0e3b046a4567609b19fa91c\",\"device_name\":\"PHM110 Build\\/AP3A.240617.008\",\"login_time\":\"2026-03-16 19:14:30\",\"last_activity\":\"2026-03-16 19:14:30\"}]');
INSERT INTO `c_users` VALUES (40, '147369123789', NULL, '13606603489', '$2y$10$wc75wbH0Nmlt/VlBK.1/MOUrX4y2wdw1YX7NownX60y/8V0bM8Dy.', 'H8GV5C', 26, NULL, 0, 'eyJ1c2VyX2lkIjo0MCwidHlwZSI6MSwiZXhwIjoxNzc0NDQzMzc2fQ==', '2026-03-25 20:56:16', 47, 1, NULL, '34.143.229.197', '2026-03-15 20:17:13', '2026-03-18 20:56:16', 0, NULL, NULL, NULL, 'd69e8f4f2c6cfd212a9ac488166c71ef', 'VNE-AN00) AppleWebKit/537.36 (KHTML, like Gecko) Version/4.0 Chrome/116.0.5845.114 HonorBrowser/3.2.2.303  Mobile Safari/537.36', 1, '{\"device_id\":\"d69e8f4f2c6cfd212a9ac488166c71ef\",\"device_name\":\"VNE-AN00) AppleWebKit\\/537.36 (KHTML, like Gecko) Version\\/4.0 Chrome\\/116.0.5845.114 HonorBrowser\\/3.2.2.303  Mobile Safari\\/537.36\",\"login_time\":\"2026-03-18 20:56:16\",\"last_activity\":\"2026-03-18 20:56:16\"}', '[{\"device_id\":\"d69e8f4f2c6cfd212a9ac488166c71ef\",\"device_name\":\"VNE-AN00) AppleWebKit\\/537.36 (KHTML, like Gecko) Version\\/4.0 Chrome\\/116.0.5845.114 HonorBrowser\\/3.2.2.303  Mobile Safari\\/537.36\",\"login_time\":\"2026-03-18 20:56:16\",\"last_activity\":\"2026-03-18 20:56:16\"}]');
INSERT INTO `c_users` VALUES (41, 'asd123', NULL, '18040549884', '$2y$10$p4UB0b9nMa6yygK98S6XC.7tl.dKYjG/tVOWL3d/JIFjk4AXIRw2W', 'Q25X6Q', 26, NULL, 0, 'eyJ1c2VyX2lkIjo0MSwidHlwZSI6MSwiZXhwIjoxNzc0MjQ3ODA3fQ==', '2026-03-23 14:36:47', 48, 1, NULL, '34.143.229.197', '2026-03-15 20:17:50', '2026-03-16 14:36:47', 0, NULL, NULL, NULL, '9f4515da7362f02b2cc2e7e8263ec246', 'Android Device', 1, '{\"device_id\":\"9f4515da7362f02b2cc2e7e8263ec246\",\"device_name\":\"Android Device\",\"login_time\":\"2026-03-16 14:36:47\",\"last_activity\":\"2026-03-16 14:36:47\"}', '[{\"device_id\":\"9f4515da7362f02b2cc2e7e8263ec246\",\"device_name\":\"Android Device\",\"login_time\":\"2026-03-16 14:36:47\",\"last_activity\":\"2026-03-16 14:36:47\"}]');
INSERT INTO `c_users` VALUES (42, 'xy25', NULL, '18133310097', '$2y$10$24fQ1EXyHeSQE4VQaI9jIed.GJMWjlJOhiv/qbVOOe07bx39XFhOq', 'UU4BBN', 22, NULL, 1, 'eyJ1c2VyX2lkIjo0MiwidHlwZSI6MSwiZXhwIjoxNzc0NTEwMzk0fQ==', '2026-03-26 15:33:14', 49, 1, NULL, '34.143.229.197', '2026-03-15 21:13:31', '2026-03-19 15:33:14', 0, NULL, NULL, NULL, 'c03fa369f1dbaea87c135ee34d15ed79', 'iPhone', 1, '{\"device_id\":\"c03fa369f1dbaea87c135ee34d15ed79\",\"device_name\":\"iPhone\",\"login_time\":\"2026-03-19 15:33:14\",\"last_activity\":\"2026-03-19 15:33:14\"}', '[{\"device_id\":\"c03fa369f1dbaea87c135ee34d15ed79\",\"device_name\":\"iPhone\",\"login_time\":\"2026-03-19 15:33:14\",\"last_activity\":\"2026-03-19 15:33:14\"}]');
INSERT INTO `c_users` VALUES (43, '140823tt', NULL, '13616896925', '$2y$10$8OaA8A2h.8o2HNtxWmbx0OlcO53MmeYuWTpg5ShG1Cefha8F3s/la', 'XJP8KH', 42, NULL, 0, 'eyJ1c2VyX2lkIjo0MywidHlwZSI6MSwiZXhwIjoxNzc0MjI4NDc3fQ==', '2026-03-23 09:14:37', 50, 1, NULL, '34.143.229.197', '2026-03-16 08:59:30', '2026-03-16 09:14:37', 0, NULL, NULL, NULL, '43568f89bb2f3eca2cee5a0ec2f3806b', '24129PN74C Build/BP2A.250605.031.A3', 1, '{\"device_id\":\"43568f89bb2f3eca2cee5a0ec2f3806b\",\"device_name\":\"24129PN74C Build\\/BP2A.250605.031.A3\",\"login_time\":\"2026-03-16 09:14:37\",\"last_activity\":\"2026-03-16 09:14:37\"}', '[{\"device_id\":\"43568f89bb2f3eca2cee5a0ec2f3806b\",\"device_name\":\"24129PN74C Build\\/BP2A.250605.031.A3\",\"login_time\":\"2026-03-16 09:14:37\",\"last_activity\":\"2026-03-16 09:14:37\"}]');
INSERT INTO `c_users` VALUES (44, 'zhaoyang188', NULL, '18537013122', '$2y$10$3Xsg4546cDZEScTNJiYVCeZrv0jtCXiCcF1tFDeRWyyXIe3mWmuRu', 'QBQN5F', 42, NULL, 0, 'eyJ1c2VyX2lkIjo0NCwidHlwZSI6MSwiZXhwIjoxNzc0MjI3NzEzfQ==', '2026-03-23 09:01:53', 51, 1, NULL, '34.143.229.197', '2026-03-16 09:00:06', '2026-03-16 09:01:53', 0, NULL, NULL, NULL, '95135d7f01da6850f6d649301c6b6da7', 'NOH-AN00 Build/HUAWEINOH-AN00', 1, '{\"device_id\":\"95135d7f01da6850f6d649301c6b6da7\",\"device_name\":\"NOH-AN00 Build\\/HUAWEINOH-AN00\",\"login_time\":\"2026-03-16 09:01:53\",\"last_activity\":\"2026-03-16 09:01:53\"}', '[{\"device_id\":\"95135d7f01da6850f6d649301c6b6da7\",\"device_name\":\"NOH-AN00 Build\\/HUAWEINOH-AN00\",\"login_time\":\"2026-03-16 09:01:53\",\"last_activity\":\"2026-03-16 09:01:53\"}]');
INSERT INTO `c_users` VALUES (45, 'mr111222', NULL, '17205604105', '$2y$10$gbeLDSchSevyh2MbG0M4cOVJNBiurp2fpzVnCttrW1/hUgFGJxpte', 'UWKW55', 42, NULL, 0, 'eyJ1c2VyX2lkIjo0NSwidHlwZSI6MSwiZXhwIjoxNzc0MjI3OTQwfQ==', '2026-03-23 09:05:40', 52, 1, NULL, '34.143.229.197', '2026-03-16 09:05:18', '2026-03-16 09:05:40', 0, NULL, NULL, NULL, 'e39d645804d36326119cbcfa9abf3612', 'iPhone', 1, '{\"device_id\":\"e39d645804d36326119cbcfa9abf3612\",\"device_name\":\"iPhone\",\"login_time\":\"2026-03-16 09:05:40\",\"last_activity\":\"2026-03-16 09:05:40\"}', '[{\"device_id\":\"e39d645804d36326119cbcfa9abf3612\",\"device_name\":\"iPhone\",\"login_time\":\"2026-03-16 09:05:40\",\"last_activity\":\"2026-03-16 09:05:40\"}]');
INSERT INTO `c_users` VALUES (46, 'yuguo', NULL, '15256160583', '$2y$10$XGoOhyaen65eJlTdro6es.fUdhcd8jFpZ25c4BFo0OQDlvvUrKluu', 'AJ3ZTK', 42, NULL, 0, 'eyJ1c2VyX2lkIjo0NiwidHlwZSI6MSwiZXhwIjoxNzc0MjMxNjk5fQ==', '2026-03-23 10:08:19', 53, 1, NULL, '34.143.229.197', '2026-03-16 10:00:40', '2026-03-16 10:08:19', 0, NULL, NULL, NULL, '4853be6bddae5ebf3f90622fbd512067', 'iPhone', 1, '{\"device_id\":\"4853be6bddae5ebf3f90622fbd512067\",\"device_name\":\"iPhone\",\"login_time\":\"2026-03-16 10:08:19\",\"last_activity\":\"2026-03-16 10:08:19\"}', '[{\"device_id\":\"4853be6bddae5ebf3f90622fbd512067\",\"device_name\":\"iPhone\",\"login_time\":\"2026-03-16 10:08:19\",\"last_activity\":\"2026-03-16 10:08:19\"}]');
INSERT INTO `c_users` VALUES (47, 'sun123456', NULL, '18712285095', '$2y$10$9HkQzpuwj212HYB8V6Fi0eIWKNE4E8G9s1wQZdjskaxYBuppeLWmu', 'BNQJJU', 42, NULL, 0, 'eyJ1c2VyX2lkIjo0NywidHlwZSI6MSwiZXhwIjoxNzc0MzE3MjU2fQ==', '2026-03-24 09:54:16', 54, 1, NULL, '34.143.229.197', '2026-03-16 10:31:15', '2026-03-17 09:54:16', 0, NULL, NULL, NULL, 'fd2f8f85ec7839ddbb0432c337bb01ce', 'PFTM10 Build/UKQ1.230924.001', 1, '{\"device_id\":\"fd2f8f85ec7839ddbb0432c337bb01ce\",\"device_name\":\"PFTM10 Build\\/UKQ1.230924.001\",\"login_time\":\"2026-03-17 09:54:16\",\"last_activity\":\"2026-03-17 09:54:16\"}', '[{\"device_id\":\"fd2f8f85ec7839ddbb0432c337bb01ce\",\"device_name\":\"PFTM10 Build\\/UKQ1.230924.001\",\"login_time\":\"2026-03-17 09:54:16\",\"last_activity\":\"2026-03-17 09:54:16\"}]');
INSERT INTO `c_users` VALUES (48, '162401', NULL, '19156778998', '$2y$10$7iM5QH7tqU09Qn2.bRd96uP0bu7MgF5lypl6XIQWkzquglA5Mv1W6', 'SXMMMV', 42, NULL, 0, 'eyJ1c2VyX2lkIjo0OCwidHlwZSI6MSwiZXhwIjoxNzc0MzY4MzY3fQ==', '2026-03-25 00:06:07', 55, 1, NULL, '34.143.229.197', '2026-03-16 11:15:09', '2026-03-18 00:06:07', 0, NULL, NULL, NULL, '8755a0926385767ca0c5adf9a4779a38', 'M2104K10AC Build/TP1A.220624.014', 1, '{\"device_id\":\"8755a0926385767ca0c5adf9a4779a38\",\"device_name\":\"M2104K10AC Build\\/TP1A.220624.014\",\"login_time\":\"2026-03-18 00:06:07\",\"last_activity\":\"2026-03-18 00:06:07\"}', '[{\"device_id\":\"8755a0926385767ca0c5adf9a4779a38\",\"device_name\":\"M2104K10AC Build\\/TP1A.220624.014\",\"login_time\":\"2026-03-18 00:06:07\",\"last_activity\":\"2026-03-18 00:06:07\"}]');
INSERT INTO `c_users` VALUES (49, '123456QWER', NULL, '15239761214', '$2y$10$SX.KS.cr5wLk8wJUoMUvwOeC6hoz04hx0n2kLNN6Y2YVEikg1AksC', 'XE547E', 5, NULL, 0, 'eyJ1c2VyX2lkIjo0OSwidHlwZSI6MSwiZXhwIjoxNzc0MjM5MzAzfQ==', '2026-03-23 12:15:03', 56, 1, NULL, '34.143.229.197', '2026-03-16 12:14:37', '2026-03-16 12:15:03', 0, NULL, NULL, NULL, 'fe19e30a3b7bc45b697b409f66387dac', 'zh-cn', 1, '{\"device_id\":\"fe19e30a3b7bc45b697b409f66387dac\",\"device_name\":\"zh-cn\",\"login_time\":\"2026-03-16 12:15:03\",\"last_activity\":\"2026-03-16 12:15:03\"}', '[{\"device_id\":\"fe19e30a3b7bc45b697b409f66387dac\",\"device_name\":\"zh-cn\",\"login_time\":\"2026-03-16 12:15:03\",\"last_activity\":\"2026-03-16 12:15:03\"}]');
INSERT INTO `c_users` VALUES (50, 'sun92', NULL, '19032811085', '$2y$10$6tAeve/ZgW5Mh3s0rRXntOKELl9AfIpq.EUGgk7pZVwKpk3KGS7Be', '688T6T', 42, NULL, 0, 'eyJ1c2VyX2lkIjo1MCwidHlwZSI6MSwiZXhwIjoxNzc0MzI2MDgwfQ==', '2026-03-24 12:21:20', 57, 1, NULL, '34.143.229.197', '2026-03-16 13:46:56', '2026-03-17 12:21:20', 0, NULL, NULL, NULL, '64825d714400faca673529a3a42d6c68', 'iPhone', 1, '{\"device_id\":\"64825d714400faca673529a3a42d6c68\",\"device_name\":\"iPhone\",\"login_time\":\"2026-03-17 12:21:20\",\"last_activity\":\"2026-03-17 12:21:20\"}', '[{\"device_id\":\"64825d714400faca673529a3a42d6c68\",\"device_name\":\"iPhone\",\"login_time\":\"2026-03-17 12:21:20\",\"last_activity\":\"2026-03-17 12:21:20\"}]');
INSERT INTO `c_users` VALUES (51, 'yzq07', NULL, '18756733218', '$2y$10$QncMpTIXMDgXGG4MYcb5suSxkol9pzjl5My7NLDYfAJh9OLBdTpwS', '4VH9K9', 42, NULL, 0, NULL, NULL, 58, 1, NULL, '34.143.229.197', '2026-03-16 14:27:48', '2026-03-17 09:54:57', 0, NULL, NULL, NULL, '540f452594aacbc9c0033275fc4624ac', 'iPhone', 1, '{\"device_id\":\"540f452594aacbc9c0033275fc4624ac\",\"device_name\":\"iPhone\",\"login_time\":\"2026-03-17 09:54:40\",\"last_activity\":\"2026-03-17 09:54:40\"}', '[{\"device_id\":\"540f452594aacbc9c0033275fc4624ac\",\"device_name\":\"iPhone\",\"login_time\":\"2026-03-17 09:54:40\",\"last_activity\":\"2026-03-17 09:54:40\"}]');
INSERT INTO `c_users` VALUES (52, 'dxy11137150', NULL, '15594179367', '$2y$10$Z0yPLw2euWU9HFqo6pYpmuWqfCIuXXYiMUIPwkL0zzhytZYnWM60a', '7QRGB7', 35, NULL, 0, 'eyJ1c2VyX2lkIjo1MiwidHlwZSI6MSwiZXhwIjoxNzc0MjcxODI3fQ==', '2026-03-23 21:17:07', 59, 1, NULL, '34.143.229.197', '2026-03-16 21:10:50', '2026-03-16 21:17:07', 0, NULL, NULL, NULL, '3177ef380a9523c6c9a213abc3b23dd3', 'V2444A) AppleWebKit/537.36 (KHTML, like Gecko) Chrome/131.0.6778.200 Mobile Safari/537.36 VivoBrowser/28.3.4.0', 1, '{\"device_id\":\"3177ef380a9523c6c9a213abc3b23dd3\",\"device_name\":\"V2444A) AppleWebKit\\/537.36 (KHTML, like Gecko) Chrome\\/131.0.6778.200 Mobile Safari\\/537.36 VivoBrowser\\/28.3.4.0\",\"login_time\":\"2026-03-16 21:17:07\",\"last_activity\":\"2026-03-16 21:17:07\"}', '[{\"device_id\":\"3177ef380a9523c6c9a213abc3b23dd3\",\"device_name\":\"V2444A) AppleWebKit\\/537.36 (KHTML, like Gecko) Chrome\\/131.0.6778.200 Mobile Safari\\/537.36 VivoBrowser\\/28.3.4.0\",\"login_time\":\"2026-03-16 21:17:07\",\"last_activity\":\"2026-03-16 21:17:07\"}]');
INSERT INTO `c_users` VALUES (53, 'jjyhhhxsw', NULL, '13259792935', '$2y$10$7TNFL00/Yh2bjUChavIhheFcNQSkuoBSMwCcpiyy4FnHD1DYD3fFu', 'PYW3ND', 35, NULL, 0, 'eyJ1c2VyX2lkIjo1MywidHlwZSI6MSwiZXhwIjoxNzc0Mjc0Nzg4fQ==', '2026-03-23 22:06:28', 60, 1, NULL, '34.143.229.197', '2026-03-16 22:04:48', '2026-03-16 22:06:28', 0, NULL, NULL, NULL, 'ad80f5910cedb2f6ebe0951fc0572243', 'zh-cn', 1, '{\"device_id\":\"ad80f5910cedb2f6ebe0951fc0572243\",\"device_name\":\"zh-cn\",\"login_time\":\"2026-03-16 22:06:28\",\"last_activity\":\"2026-03-16 22:06:28\"}', '[{\"device_id\":\"ad80f5910cedb2f6ebe0951fc0572243\",\"device_name\":\"zh-cn\",\"login_time\":\"2026-03-16 22:06:28\",\"last_activity\":\"2026-03-16 22:06:28\"}]');
INSERT INTO `c_users` VALUES (54, 'tan0013579', NULL, '15905677210', '$2y$10$uWbkLnRVNOQ3VkDF89b3X.2A8arDFpfHAKxF2FLAbXCI.VJLtTgwC', 'RG4B8H', 42, NULL, 0, 'eyJ1c2VyX2lkIjo1NCwidHlwZSI6MSwiZXhwIjoxNzc0MzIwNTg3fQ==', '2026-03-24 10:49:47', 61, 1, NULL, '34.143.229.197', '2026-03-17 10:39:59', '2026-03-17 10:49:47', 0, NULL, NULL, NULL, '3184f4e389429e0b76859b0675b06ab1', 'PEQM00 Build/TP1A.220905.001', 1, '{\"device_id\":\"3184f4e389429e0b76859b0675b06ab1\",\"device_name\":\"PEQM00 Build\\/TP1A.220905.001\",\"login_time\":\"2026-03-17 10:49:47\",\"last_activity\":\"2026-03-17 10:49:47\"}', '[{\"device_id\":\"3184f4e389429e0b76859b0675b06ab1\",\"device_name\":\"PEQM00 Build\\/TP1A.220905.001\",\"login_time\":\"2026-03-17 10:49:47\",\"last_activity\":\"2026-03-17 10:49:47\"}]');
INSERT INTO `c_users` VALUES (55, '17658290569', NULL, '17658290569', '$2y$10$Vg8JkBKHOQ11bxXy8W.Lqu4EoGB7kARg/QA9PVe.N68OmlBXNXRia', 'KVM336', 35, NULL, 0, 'eyJ1c2VyX2lkIjo1NSwidHlwZSI6MSwiZXhwIjoxNzc0MzIzMjQyfQ==', '2026-03-24 11:34:02', 62, 1, NULL, '34.143.229.197', '2026-03-17 11:33:22', '2026-03-17 11:34:02', 0, NULL, NULL, NULL, '79835847440f93253cd9ead292a2e94f', 'iPhone', 1, '{\"device_id\":\"79835847440f93253cd9ead292a2e94f\",\"device_name\":\"iPhone\",\"login_time\":\"2026-03-17 11:34:02\",\"last_activity\":\"2026-03-17 11:34:02\"}', '[{\"device_id\":\"79835847440f93253cd9ead292a2e94f\",\"device_name\":\"iPhone\",\"login_time\":\"2026-03-17 11:34:02\",\"last_activity\":\"2026-03-17 11:34:02\"}]');
INSERT INTO `c_users` VALUES (56, 'KaiKai', NULL, '19931979291', '$2y$10$qTjUWU8.Zq5gvo0xRmZpuOAW/eePPoLCt81O7SJvK1uK6jxHmszf2', 'FK2JCM', 55, NULL, 0, 'eyJ1c2VyX2lkIjo1NiwidHlwZSI6MSwiZXhwIjoxNzc0MzIzODUwfQ==', '2026-03-24 11:44:10', 63, 1, NULL, '34.143.229.197', '2026-03-17 11:43:52', '2026-03-17 11:44:10', 0, NULL, NULL, NULL, '94ac84ff7057e3bcb743c1e96e61d1cc', 'zh-cn', 1, '{\"device_id\":\"94ac84ff7057e3bcb743c1e96e61d1cc\",\"device_name\":\"zh-cn\",\"login_time\":\"2026-03-17 11:44:10\",\"last_activity\":\"2026-03-17 11:44:10\"}', '[{\"device_id\":\"94ac84ff7057e3bcb743c1e96e61d1cc\",\"device_name\":\"zh-cn\",\"login_time\":\"2026-03-17 11:44:10\",\"last_activity\":\"2026-03-17 11:44:10\"}]');
INSERT INTO `c_users` VALUES (57, 'xjh111', NULL, '19963824136', '$2y$10$CHzBbi8Dg9wZ0IbSZDT1Gu4pstM2RiPoO5cdB8/D22.EXtphn7yrK', 'YPV6HR', 35, NULL, 0, 'eyJ1c2VyX2lkIjo1NywidHlwZSI6MSwiZXhwIjoxNzc0MzU4ODY2fQ==', '2026-03-24 21:27:46', 64, 1, NULL, '34.143.229.197', '2026-03-17 13:11:14', '2026-03-17 21:27:46', 0, NULL, NULL, NULL, '4853be6bddae5ebf3f90622fbd512067', 'iPhone', 1, '{\"device_id\":\"4853be6bddae5ebf3f90622fbd512067\",\"device_name\":\"iPhone\",\"login_time\":\"2026-03-17 21:27:46\",\"last_activity\":\"2026-03-17 21:27:46\"}', '[{\"device_id\":\"4853be6bddae5ebf3f90622fbd512067\",\"device_name\":\"iPhone\",\"login_time\":\"2026-03-17 21:27:46\",\"last_activity\":\"2026-03-17 21:27:46\"}]');
INSERT INTO `c_users` VALUES (58, 'Yjx123', NULL, '18148243395', '$2y$10$MRUzTZSdca4MsM0hENV3xeULgLc4OmFCw20sFpCD8Y0mzWoyh0aNG', 'TGEQKD', 35, NULL, 0, 'eyJ1c2VyX2lkIjo1OCwidHlwZSI6MSwiZXhwIjoxNzc0MzMxODI5fQ==', '2026-03-24 13:57:09', 65, 1, NULL, '34.143.229.197', '2026-03-17 13:56:17', '2026-03-17 13:57:09', 0, NULL, NULL, NULL, 'df13b9f6f15d490902c36ebe7b178e70', 'HarmonyOS', 1, '{\"device_id\":\"df13b9f6f15d490902c36ebe7b178e70\",\"device_name\":\"HarmonyOS\",\"login_time\":\"2026-03-17 13:57:09\",\"last_activity\":\"2026-03-17 13:57:09\"}', '[{\"device_id\":\"df13b9f6f15d490902c36ebe7b178e70\",\"device_name\":\"HarmonyOS\",\"login_time\":\"2026-03-17 13:57:09\",\"last_activity\":\"2026-03-17 13:57:09\"}]');
INSERT INTO `c_users` VALUES (59, '3365yan', NULL, '19810868596', '$2y$10$ZDLYXL8x1Ud0.CY8zHWFtul7oqJhJqcnKQHsPIyz7vjcNTSWNFisW', 'TU7RQV', 42, NULL, 0, 'eyJ1c2VyX2lkIjo1OSwidHlwZSI6MSwiZXhwIjoxNzc0MzMyNTE5fQ==', '2026-03-24 14:08:39', 66, 1, NULL, '34.143.229.197', '2026-03-17 14:08:06', '2026-03-17 14:08:39', 0, NULL, NULL, NULL, 'ff5302ce362ad11c44beed55a6d2dc3e', '24115RA8EC Build/BP2A.250605.031.A3', 1, '{\"device_id\":\"ff5302ce362ad11c44beed55a6d2dc3e\",\"device_name\":\"24115RA8EC Build\\/BP2A.250605.031.A3\",\"login_time\":\"2026-03-17 14:08:39\",\"last_activity\":\"2026-03-17 14:08:39\"}', '[{\"device_id\":\"ff5302ce362ad11c44beed55a6d2dc3e\",\"device_name\":\"24115RA8EC Build\\/BP2A.250605.031.A3\",\"login_time\":\"2026-03-17 14:08:39\",\"last_activity\":\"2026-03-17 14:08:39\"}]');
INSERT INTO `c_users` VALUES (60, 'Fang194312', NULL, '13190552488', '$2y$10$rb8/I42aihJHnYshGw5zx.VZjyaAdoa4gdHZ2R0k1B5uvMX0KTupS', '355QD9', 35, NULL, 0, 'eyJ1c2VyX2lkIjo2MCwidHlwZSI6MSwiZXhwIjoxNzc0MzM3MTA1fQ==', '2026-03-24 15:25:05', 67, 1, NULL, '34.143.229.197', '2026-03-17 15:08:27', '2026-03-17 15:25:05', 0, NULL, NULL, NULL, '413984d7bc59720af6fe45dda99a45e1', 'iPhone', 1, '{\"device_id\":\"413984d7bc59720af6fe45dda99a45e1\",\"device_name\":\"iPhone\",\"login_time\":\"2026-03-17 15:25:05\",\"last_activity\":\"2026-03-17 15:25:05\"}', '[{\"device_id\":\"413984d7bc59720af6fe45dda99a45e1\",\"device_name\":\"iPhone\",\"login_time\":\"2026-03-17 15:25:05\",\"last_activity\":\"2026-03-17 15:25:05\"}]');
INSERT INTO `c_users` VALUES (61, '1971506019', NULL, '17352604434', '$2y$10$XFTsNACSdCTnr24y8ushX.IjbiTBbeCGTOVuIrT26BmlBwQz07LzW', 'UU2WXA', 26, NULL, 0, 'eyJ1c2VyX2lkIjo2MSwidHlwZSI6MSwiZXhwIjoxNzc0MzM2MTg2fQ==', '2026-03-24 15:09:46', 68, 1, NULL, '34.143.229.197', '2026-03-17 15:09:20', '2026-03-17 15:09:46', 0, NULL, NULL, NULL, 'b40ce9e3ae02cd24112da6c1e091fbb3', 'iPhone', 1, '{\"device_id\":\"b40ce9e3ae02cd24112da6c1e091fbb3\",\"device_name\":\"iPhone\",\"login_time\":\"2026-03-17 15:09:46\",\"last_activity\":\"2026-03-17 15:09:46\"}', '[{\"device_id\":\"b40ce9e3ae02cd24112da6c1e091fbb3\",\"device_name\":\"iPhone\",\"login_time\":\"2026-03-17 15:09:46\",\"last_activity\":\"2026-03-17 15:09:46\"}]');
INSERT INTO `c_users` VALUES (62, 'liang520', NULL, '15849349985', '$2y$10$dfmNPLRepPy0cI5YPwFccetoQ/dbK3x76u0VymU4v4RAUWGkOE9PC', 'M2UJBZ', 35, NULL, 0, 'eyJ1c2VyX2lkIjo2MiwidHlwZSI6MSwiZXhwIjoxNzc0NDk4NzU0fQ==', '2026-03-26 12:19:14', 69, 1, NULL, '34.143.229.197', '2026-03-17 15:14:48', '2026-03-19 12:19:14', 0, NULL, NULL, NULL, '70b6be4bce932c7d664c3bbe64a40f18', 'zh-cn', 1, '{\"device_id\":\"70b6be4bce932c7d664c3bbe64a40f18\",\"device_name\":\"zh-cn\",\"login_time\":\"2026-03-19 12:19:14\",\"last_activity\":\"2026-03-19 12:19:14\"}', '[{\"device_id\":\"70b6be4bce932c7d664c3bbe64a40f18\",\"device_name\":\"zh-cn\",\"login_time\":\"2026-03-19 12:19:14\",\"last_activity\":\"2026-03-19 12:19:14\"}]');
INSERT INTO `c_users` VALUES (63, '123456yjx', NULL, '18247167915', '$2y$10$3PPbewalVftBiwHF2qsPDODL4H42mIB3r.Co.6i7eV1v1JJWvb.Um', '49ERHA', 35, NULL, 0, 'eyJ1c2VyX2lkIjo2MywidHlwZSI6MSwiZXhwIjoxNzc0MzQwODc1fQ==', '2026-03-24 16:27:55', 70, 1, NULL, '34.143.229.197', '2026-03-17 16:27:11', '2026-03-17 16:27:55', 0, NULL, NULL, NULL, 'b3c52bf7a9d9374d322ab42fe7baae29', 'zh-cn', 1, '{\"device_id\":\"b3c52bf7a9d9374d322ab42fe7baae29\",\"device_name\":\"zh-cn\",\"login_time\":\"2026-03-17 16:27:55\",\"last_activity\":\"2026-03-17 16:27:55\"}', '[{\"device_id\":\"b3c52bf7a9d9374d322ab42fe7baae29\",\"device_name\":\"zh-cn\",\"login_time\":\"2026-03-17 16:27:55\",\"last_activity\":\"2026-03-17 16:27:55\"}]');
INSERT INTO `c_users` VALUES (64, '987321147258', NULL, '15858297756', '$2y$10$HHcA481k12ix3S/Z0xvH/Oj0QW9Se7XaP6dIBnaxTPUnH3QLZXJkW', 'WJCTT8', 26, NULL, 0, 'eyJ1c2VyX2lkIjo2NCwidHlwZSI6MSwiZXhwIjoxNzc0MzQ4NTMxfQ==', '2026-03-24 18:35:31', 71, 1, NULL, '34.143.229.197', '2026-03-17 18:35:00', '2026-03-17 18:35:31', 0, NULL, NULL, NULL, '33f627951e5d209b0bd4042c3296048b', 'zh-cn', 1, '{\"device_id\":\"33f627951e5d209b0bd4042c3296048b\",\"device_name\":\"zh-cn\",\"login_time\":\"2026-03-17 18:35:31\",\"last_activity\":\"2026-03-17 18:35:31\"}', '[{\"device_id\":\"33f627951e5d209b0bd4042c3296048b\",\"device_name\":\"zh-cn\",\"login_time\":\"2026-03-17 18:35:31\",\"last_activity\":\"2026-03-17 18:35:31\"}]');
INSERT INTO `c_users` VALUES (65, 'a18124206924', NULL, '18124206924', '$2y$10$v4Is/NhIBl5yUabnJ9.Xium4GFB01iJcj3fZwi48SAv6zjkJTcbAC', 'HFUXEH', 42, NULL, 0, 'eyJ1c2VyX2lkIjo2NSwidHlwZSI6MSwiZXhwIjoxNzc0MzUyMzA3fQ==', '2026-03-24 19:38:27', 72, 1, NULL, '34.143.229.197', '2026-03-17 19:03:33', '2026-03-17 19:38:27', 0, NULL, NULL, NULL, '7c7d38934402b09866fbfc8deef2acf9', '24069RA21C Build/UKQ1.240116.001', 1, '{\"device_id\":\"7c7d38934402b09866fbfc8deef2acf9\",\"device_name\":\"24069RA21C Build\\/UKQ1.240116.001\",\"login_time\":\"2026-03-17 19:38:27\",\"last_activity\":\"2026-03-17 19:38:27\"}', '[{\"device_id\":\"7c7d38934402b09866fbfc8deef2acf9\",\"device_name\":\"24069RA21C Build\\/UKQ1.240116.001\",\"login_time\":\"2026-03-17 19:38:27\",\"last_activity\":\"2026-03-17 19:38:27\"}]');
INSERT INTO `c_users` VALUES (66, 'zhujinlin', NULL, '13389091698', '$2y$10$YSywh.GGx6qIwQF0vQWTNeDpuMdiOpdZZYFcsthWptHLgdxANz/lS', 'CRZR62', 42, NULL, 0, NULL, NULL, 73, 1, NULL, '34.143.229.197', '2026-03-17 19:20:48', '2026-03-17 19:24:24', 0, NULL, NULL, NULL, '01d46b780d68dde4a5085dd7ffa5d845', 'zh-cn', 1, '{\"device_id\":\"01d46b780d68dde4a5085dd7ffa5d845\",\"device_name\":\"zh-cn\",\"login_time\":\"2026-03-17 19:21:08\",\"last_activity\":\"2026-03-17 19:21:08\"}', '[{\"device_id\":\"01d46b780d68dde4a5085dd7ffa5d845\",\"device_name\":\"zh-cn\",\"login_time\":\"2026-03-17 19:21:08\",\"last_activity\":\"2026-03-17 19:21:08\"}]');
INSERT INTO `c_users` VALUES (67, 'mslm', NULL, '15894179061', '$2y$10$ncwi0milEYkieUCZrs4uKurZ85oXReqIHwdyag4I9hcfYWfc7GDxa', '8MHECH', 35, NULL, 0, 'eyJ1c2VyX2lkIjo2NywidHlwZSI6MSwiZXhwIjoxNzc0MzUzODA1fQ==', '2026-03-24 20:03:25', 75, 1, NULL, '34.143.229.197', '2026-03-17 19:56:11', '2026-03-17 20:03:25', 0, NULL, NULL, NULL, '835557f01e03d1702484641d52083a7b', 'zh-cn', 1, '{\"device_id\":\"835557f01e03d1702484641d52083a7b\",\"device_name\":\"zh-cn\",\"login_time\":\"2026-03-17 20:03:25\",\"last_activity\":\"2026-03-17 20:03:25\"}', '[{\"device_id\":\"835557f01e03d1702484641d52083a7b\",\"device_name\":\"zh-cn\",\"login_time\":\"2026-03-17 20:03:25\",\"last_activity\":\"2026-03-17 20:03:25\"}]');
INSERT INTO `c_users` VALUES (68, 'WR19901005', NULL, '19156751488', '$2y$10$vsgzdNokirn8XuKitwijB.WFevWQwT/.7H6kGuIe14oQTYoyP0/tq', 'Z2QWUB', 42, NULL, 0, 'eyJ1c2VyX2lkIjo2OCwidHlwZSI6MSwiZXhwIjoxNzc0MzUzODQ4fQ==', '2026-03-24 20:04:08', 76, 1, NULL, '34.143.229.197', '2026-03-17 20:03:37', '2026-03-17 20:04:08', 0, NULL, NULL, NULL, 'cd77364482e31f03d7000fcd505d6d2a', 'V1829A) AppleWebKit/537.36 (KHTML, like Gecko) Chrome/131.0.6778.200 Mobile Safari/537.36 VivoBrowser/28.3.4.0', 1, '{\"device_id\":\"cd77364482e31f03d7000fcd505d6d2a\",\"device_name\":\"V1829A) AppleWebKit\\/537.36 (KHTML, like Gecko) Chrome\\/131.0.6778.200 Mobile Safari\\/537.36 VivoBrowser\\/28.3.4.0\",\"login_time\":\"2026-03-17 20:04:08\",\"last_activity\":\"2026-03-17 20:04:08\"}', '[{\"device_id\":\"cd77364482e31f03d7000fcd505d6d2a\",\"device_name\":\"V1829A) AppleWebKit\\/537.36 (KHTML, like Gecko) Chrome\\/131.0.6778.200 Mobile Safari\\/537.36 VivoBrowser\\/28.3.4.0\",\"login_time\":\"2026-03-17 20:04:08\",\"last_activity\":\"2026-03-17 20:04:08\"}]');
INSERT INTO `c_users` VALUES (69, 'a467685513', NULL, '17302060224', '$2y$10$7Oulejqnt39/BFBv8QlyAuxcXRQh6k3ePpTT3O8vDlw2yrymWZdKe', '3UGUAB', 18, NULL, 0, 'eyJ1c2VyX2lkIjo2OSwidHlwZSI6MSwiZXhwIjoxNzc0MzU4NzkzfQ==', '2026-03-24 21:26:33', 77, 1, NULL, '34.143.229.197', '2026-03-17 21:08:46', '2026-03-17 21:26:33', 0, NULL, NULL, NULL, 'c9d88d0a50bbce7b3877d3724145770a', 'Win32 Mozilla/5.0', 1, '{\"device_id\":\"c9d88d0a50bbce7b3877d3724145770a\",\"device_name\":\"Win32 Mozilla\\/5.0\",\"login_time\":\"2026-03-17 21:26:33\",\"last_activity\":\"2026-03-17 21:26:33\"}', '[{\"device_id\":\"c9d88d0a50bbce7b3877d3724145770a\",\"device_name\":\"Win32 Mozilla\\/5.0\",\"login_time\":\"2026-03-17 21:26:33\",\"last_activity\":\"2026-03-17 21:26:33\"}]');
INSERT INTO `c_users` VALUES (70, '1234', NULL, '19902798625', '$2y$10$iAi5HyVjxBGffA/62sl6T.knuj.deRTevtUTE4KyZrxJf2srPmyyW', 'NKX8T2', 18, NULL, 0, 'eyJ1c2VyX2lkIjo3MCwidHlwZSI6MSwiZXhwIjoxNzc0MzU5NDQ2fQ==', '2026-03-24 21:37:26', 78, 1, NULL, '34.143.229.197', '2026-03-17 21:37:06', '2026-03-17 21:37:26', 0, NULL, NULL, NULL, 'caaf0b56c6e57b19ffd482145f50a855', 'iPhone', 1, '{\"device_id\":\"caaf0b56c6e57b19ffd482145f50a855\",\"device_name\":\"iPhone\",\"login_time\":\"2026-03-17 21:37:26\",\"last_activity\":\"2026-03-17 21:37:26\"}', '[{\"device_id\":\"caaf0b56c6e57b19ffd482145f50a855\",\"device_name\":\"iPhone\",\"login_time\":\"2026-03-17 21:37:26\",\"last_activity\":\"2026-03-17 21:37:26\"}]');
INSERT INTO `c_users` VALUES (71, 'amir', NULL, '18116905408', '$2y$10$xGYz3md5Xn0pT7I2WMBW6e7G2I6cHjS2CceHKORH6S3H965mRB1/C', 'XPB26G', 27, NULL, 0, 'eyJ1c2VyX2lkIjo3MSwidHlwZSI6MSwiZXhwIjoxNzc0MzYxOTQwfQ==', '2026-03-24 22:19:00', 79, 1, NULL, '34.143.229.197', '2026-03-17 22:18:28', '2026-03-17 22:19:00', 0, NULL, NULL, NULL, '110363acf7469c7c6eb0d99f718afac2', 'iPhone', 1, '{\"device_id\":\"110363acf7469c7c6eb0d99f718afac2\",\"device_name\":\"iPhone\",\"login_time\":\"2026-03-17 22:19:00\",\"last_activity\":\"2026-03-17 22:19:00\"}', '[{\"device_id\":\"110363acf7469c7c6eb0d99f718afac2\",\"device_name\":\"iPhone\",\"login_time\":\"2026-03-17 22:19:00\",\"last_activity\":\"2026-03-17 22:19:00\"}]');
INSERT INTO `c_users` VALUES (72, 'zhang', NULL, '19276445680', '$2y$10$Mpb2Tk/3QhNJVh2OcQQ3T.Ep9p/qNsksadvUS3MWYyheBjDpUmcj6', 'G99FCK', 26, NULL, 0, 'eyJ1c2VyX2lkIjo3MiwidHlwZSI6MSwiZXhwIjoxNzc0MzY2NzAxfQ==', '2026-03-24 23:38:21', 80, 1, NULL, '34.143.229.197', '2026-03-17 23:37:39', '2026-03-17 23:38:21', 0, NULL, NULL, NULL, '5c8bebd895a3f6ab38fe801e4413e81e', 'M2007J1SC Build/TKQ1.221114.001', 1, '{\"device_id\":\"5c8bebd895a3f6ab38fe801e4413e81e\",\"device_name\":\"M2007J1SC Build\\/TKQ1.221114.001\",\"login_time\":\"2026-03-17 23:38:21\",\"last_activity\":\"2026-03-17 23:38:21\"}', '[{\"device_id\":\"5c8bebd895a3f6ab38fe801e4413e81e\",\"device_name\":\"M2007J1SC Build\\/TKQ1.221114.001\",\"login_time\":\"2026-03-17 23:38:21\",\"last_activity\":\"2026-03-17 23:38:21\"}]');
INSERT INTO `c_users` VALUES (73, 'gj123456', NULL, '17804818493', '$2y$10$vUVJ3emu2B4sCgn98QOymO.e35ag.7C.eR28Tbe2g.OCZ5ii3Pg42', 'NANGHJ', 35, NULL, 0, 'eyJ1c2VyX2lkIjo3MywidHlwZSI6MSwiZXhwIjoxNzc0NDI5MzI3fQ==', '2026-03-25 17:02:07', 81, 1, NULL, '34.143.229.197', '2026-03-18 16:59:39', '2026-03-18 17:02:07', 0, NULL, NULL, NULL, '5989da83627b9b4eaecc246196148e14', 'zh-cn', 1, '{\"device_id\":\"5989da83627b9b4eaecc246196148e14\",\"device_name\":\"zh-cn\",\"login_time\":\"2026-03-18 17:02:07\",\"last_activity\":\"2026-03-18 17:02:07\"}', '[{\"device_id\":\"5989da83627b9b4eaecc246196148e14\",\"device_name\":\"zh-cn\",\"login_time\":\"2026-03-18 17:02:07\",\"last_activity\":\"2026-03-18 17:02:07\"}]');
INSERT INTO `c_users` VALUES (74, 'Almas0205', NULL, '15299042767', '$2y$10$zaPeFZ8JFBKsQprDEHG4kupbOjBHzMPKRUOU90xVEeo7p11XrICpi', 'BJKTCD', 22, NULL, 0, 'eyJ1c2VyX2lkIjo3NCwidHlwZSI6MSwiZXhwIjoxNzc0NTM5OTYwfQ==', '2026-03-26 23:46:00', 82, 1, NULL, '34.143.229.197', '2026-03-19 23:44:25', '2026-03-19 23:46:00', 0, NULL, NULL, NULL, '110363acf7469c7c6eb0d99f718afac2', 'iPhone', 1, '{\"device_id\":\"110363acf7469c7c6eb0d99f718afac2\",\"device_name\":\"iPhone\",\"login_time\":\"2026-03-19 23:46:00\",\"last_activity\":\"2026-03-19 23:46:00\"}', '[{\"device_id\":\"110363acf7469c7c6eb0d99f718afac2\",\"device_name\":\"iPhone\",\"login_time\":\"2026-03-19 23:46:00\",\"last_activity\":\"2026-03-19 23:46:00\"}]');
INSERT INTO `c_users` VALUES (75, 'love1314', NULL, '15326742207', '$2y$10$L8ZCkCmFe7iOSV1uO0DbOO3XireyimyZvM8Ahiew3I.N3LnSeIW22', '4UBNR4', 26, NULL, 0, 'eyJ1c2VyX2lkIjo3NSwidHlwZSI6MSwiZXhwIjoxNzc0NTkxOTUzfQ==', '2026-03-27 14:12:33', 83, 1, NULL, '34.143.229.197', '2026-03-20 14:04:11', '2026-03-20 14:12:33', 0, NULL, NULL, NULL, '6d1259d3505a1388c294348555f7e077', 'V2162A Build/UP1A.231005.007', 1, '{\"device_id\":\"6d1259d3505a1388c294348555f7e077\",\"device_name\":\"V2162A Build\\/UP1A.231005.007\",\"login_time\":\"2026-03-20 14:12:33\",\"last_activity\":\"2026-03-20 14:12:33\"}', '[{\"device_id\":\"6d1259d3505a1388c294348555f7e077\",\"device_name\":\"V2162A Build\\/UP1A.231005.007\",\"login_time\":\"2026-03-20 14:12:33\",\"last_activity\":\"2026-03-20 14:12:33\"}]');
INSERT INTO `c_users` VALUES (76, 'rifat503', NULL, '17399469223', '$2y$10$.Uh0nub8Q0isszsQpPm/NuxSaInuDD4gxXXKWXteNhUq7DQrdOqsS', 'G9VM9H', 27, NULL, 0, 'eyJ1c2VyX2lkIjo3NiwidHlwZSI6MSwiZXhwIjoxNzc0NjA5MzQ0fQ==', '2026-03-27 19:02:24', 84, 1, NULL, '34.143.229.197', '2026-03-20 18:31:22', '2026-03-20 19:02:24', 0, NULL, NULL, NULL, '087cef291cdce72cf407d0c459435608', 'zh-cn', 1, '{\"device_id\":\"087cef291cdce72cf407d0c459435608\",\"device_name\":\"zh-cn\",\"login_time\":\"2026-03-20 19:02:24\",\"last_activity\":\"2026-03-20 19:02:24\"}', '[{\"device_id\":\"087cef291cdce72cf407d0c459435608\",\"device_name\":\"zh-cn\",\"login_time\":\"2026-03-20 19:02:24\",\"last_activity\":\"2026-03-20 19:02:24\"}]');
INSERT INTO `c_users` VALUES (77, 'zibi1314', NULL, '15099381048', '$2y$10$IBJvUC5IlLEHiWTamfZ14eJSiS55OkqcgeekxZ8C/NBnYGi7FfWPq', 'H4S5PB', 76, NULL, 0, 'eyJ1c2VyX2lkIjo3NywidHlwZSI6MSwiZXhwIjoxNzc0NjA5ODkzfQ==', '2026-03-27 19:11:33', 85, 1, NULL, '34.143.229.197', '2026-03-20 19:11:08', '2026-03-20 19:11:33', 0, NULL, NULL, NULL, '1a4a681b157f8440a6140c7201cd9bdc', 'SP200', 1, '{\"device_id\":\"1a4a681b157f8440a6140c7201cd9bdc\",\"device_name\":\"SP200\",\"login_time\":\"2026-03-20 19:11:33\",\"last_activity\":\"2026-03-20 19:11:33\"}', '[{\"device_id\":\"1a4a681b157f8440a6140c7201cd9bdc\",\"device_name\":\"SP200\",\"login_time\":\"2026-03-20 19:11:33\",\"last_activity\":\"2026-03-20 19:11:33\"}]');

-- ----------------------------
-- Table structure for magnifying_glass_tasks
-- ----------------------------
DROP TABLE IF EXISTS `magnifying_glass_tasks`;
CREATE TABLE `magnifying_glass_tasks`  (
  `id` bigint UNSIGNED NOT NULL AUTO_INCREMENT COMMENT 'ن»»هٹ،ID',
  `b_user_id` bigint UNSIGNED NOT NULL COMMENT 'Bç«¯ç”¨وˆ·ID',
  `task_id` bigint UNSIGNED NULL DEFAULT NULL COMMENT 'çˆ¶ن»»هٹ،ID',
  `template_id` int UNSIGNED NOT NULL DEFAULT 3 COMMENT 'ن»»هٹ،و¨،و‌؟IDï¼Œه›؛ه®ڑن¸؛3',
  `video_url` varchar(500) CHARACTER SET utf8mb4 COLLATE utf8mb4_unicode_ci NOT NULL COMMENT 'è§†é¢‘é“¾وژ¥',
  `deadline` int UNSIGNED NOT NULL COMMENT 'هˆ°وœںو—¶é—´ï¼ˆ10ن½چو—¶é—´وˆ³-ç§’ç؛§ï¼‰',
  `recommend_marks` json NULL COMMENT 'وژ¨èچگو ‡è®°ï¼ˆJSONو•°ç»„ï¼‰',
  `task_count` int UNSIGNED NOT NULL DEFAULT 0 COMMENT 'ن»»هٹ،و€»و•°é‡ڈ',
  `task_done` int UNSIGNED NOT NULL DEFAULT 0 COMMENT 'ه·²ه®Œوˆگو•°é‡ڈ',
  `task_doing` int UNSIGNED NOT NULL DEFAULT 0 COMMENT 'è؟›è،Œن¸­و•°é‡ڈ',
  `task_reviewing` int UNSIGNED NOT NULL DEFAULT 0 COMMENT 'ه¾…ه®،و ¸و•°é‡ڈ',
  `unit_price` decimal(18, 2) NOT NULL DEFAULT 0.00 COMMENT 'هچ•ن»·ï¼ˆه…ƒï¼‰',
  `total_price` decimal(18, 2) NOT NULL DEFAULT 0.00 COMMENT 'و€»ن»·ï¼ˆه…ƒï¼‰',
  `status` tinyint NOT NULL DEFAULT 2 COMMENT 'çٹ¶و€پï¼ڑ0=ه·²هڈ‘ه¸ƒï¼Œ1=è؟›è،Œن¸­ï¼Œ2=ه·²ه®Œوˆگï¼Œ3=ه·²هڈ–و¶ˆ',
  `created_at` datetime NOT NULL DEFAULT CURRENT_TIMESTAMP COMMENT 'هˆ›ه»؛و—¶é—´',
  `updated_at` datetime NOT NULL DEFAULT CURRENT_TIMESTAMP ON UPDATE CURRENT_TIMESTAMP COMMENT 'و›´و–°و—¶é—´',
  `completed_at` datetime NULL DEFAULT NULL COMMENT 'ه®Œوˆگو—¶é—´',
  `title` varchar(200) CHARACTER SET utf8mb4 COLLATE utf8mb4_unicode_ci NOT NULL COMMENT 'ن»»هٹ،و ‡é¢ک',
  `view_status` tinyint NOT NULL,
  PRIMARY KEY (`id`) USING BTREE,
  INDEX `idx_b_user_id`(`b_user_id` ASC) USING BTREE,
  INDEX `idx_task_id`(`task_id` ASC) USING BTREE,
  INDEX `idx_status`(`status` ASC) USING BTREE,
  INDEX `idx_deadline`(`deadline` ASC) USING BTREE,
  INDEX `idx_created_at`(`created_at` ASC) USING BTREE
) ENGINE = InnoDB AUTO_INCREMENT = 16 CHARACTER SET = utf8mb4 COLLATE = utf8mb4_unicode_ci COMMENT = 'و”¾ه¤§é•œن»»هٹ،è،¨' ROW_FORMAT = DYNAMIC;

-- ----------------------------
-- Records of magnifying_glass_tasks
-- ----------------------------
INSERT INTO `magnifying_glass_tasks` VALUES (15, 1, NULL, 3, '5.82 ه¤چهˆ¶و‰“ه¼€وٹ–éں³ï¼Œçœ‹çœ‹م€گه”گه°ڈç¾ژçڑ„ن½œه“پم€‘ه¤§ه®¶é™¤ن؛†ن¸ٹçڈ­ن»¥ه¤–ï¼Œè؟کوœ‰ن»€ن¹ˆه‰¯ن¸ڑ# ه‰¯ن¸ڑ  https://v.douyin.com/iKQS67FFM6o/ 06/26 u@f.oq yGv:/', 1773713449, '[{\"at_user\": \"\", \"comment\": \"ه•ٹو¢…وœ‰ه›¢\", \"image_url\": \"\"}]', 1, 0, 0, 0, 5.00, 5.00, 2, '2026-03-17 09:40:49', '2026-03-17 09:40:49', NULL, 'و”¾ه¤§é•œوگœç´¢è¯چ', 0);

-- ----------------------------
-- Table structure for notifications
-- ----------------------------
DROP TABLE IF EXISTS `notifications`;
CREATE TABLE `notifications`  (
  `id` bigint UNSIGNED NOT NULL AUTO_INCREMENT COMMENT 'é€ڑçں¥ID',
  `title` varchar(200) CHARACTER SET utf8mb4 COLLATE utf8mb4_unicode_ci NOT NULL COMMENT 'é€ڑçں¥و ‡é¢ک',
  `content` text CHARACTER SET utf8mb4 COLLATE utf8mb4_unicode_ci NOT NULL COMMENT 'é€ڑçں¥ه†…ه®¹',
  `target_type` tinyint NOT NULL DEFAULT 0 COMMENT 'ç›®و ‡ç±»ه‍‹ï¼ڑ0=ه…¨ن½“ï¼Œ1=Cç«¯ه…¨ن½“ï¼Œ2=Bç«¯ه…¨ن½“ï¼Œ3=وŒ‡ه®ڑç”¨وˆ·',
  `target_user_id` bigint UNSIGNED NULL DEFAULT NULL COMMENT 'ç›®و ‡ç”¨وˆ·IDï¼ˆtarget_type=3و—¶ن½؟ç”¨ï¼‰',
  `target_user_type` tinyint NULL DEFAULT NULL COMMENT 'ç›®و ‡ç”¨وˆ·ç±»ه‍‹ï¼ˆtarget_type=3و—¶ن½؟ç”¨ï¼Œ1=Cç«¯ï¼Œ2=Bç«¯ï¼‰',
  `sender_type` tinyint NOT NULL DEFAULT 3 COMMENT 'هڈ‘é€پè€…ç±»ه‍‹ï¼ڑ1=ç³»ç»ںè‡ھهٹ¨ï¼Œ3=Admin',
  `sender_id` bigint UNSIGNED NULL DEFAULT NULL COMMENT 'هڈ‘é€پè€…IDï¼ˆAdmin IDï¼Œé¢„ç•™ه­—و®µï¼‰',
  `created_at` datetime NOT NULL DEFAULT CURRENT_TIMESTAMP COMMENT 'هڈ‘ه¸ƒو—¶é—´',
  PRIMARY KEY (`id`) USING BTREE,
  INDEX `idx_target_type`(`target_type` ASC) USING BTREE,
  INDEX `idx_created_at`(`created_at` ASC) USING BTREE
) ENGINE = InnoDB AUTO_INCREMENT = 198 CHARACTER SET = utf8mb4 COLLATE = utf8mb4_unicode_ci COMMENT = 'ç³»ç»ںé€ڑçں¥è،¨-é€ڑçں¥و¨،و‌؟' ROW_FORMAT = Dynamic;

-- ----------------------------
-- Records of notifications
-- ----------------------------

-- ----------------------------
-- Table structure for quick_task_info_config
-- ----------------------------
DROP TABLE IF EXISTS `quick_task_info_config`;
CREATE TABLE `quick_task_info_config`  (
  `id` bigint UNSIGNED NOT NULL AUTO_INCREMENT,
  `b_user_id` bigint UNSIGNED NOT NULL,
  `username` varchar(32) CHARACTER SET utf8mb4 COLLATE utf8mb4_unicode_ci NOT NULL,
  `config_info` text CHARACTER SET utf8mb4 COLLATE utf8mb4_unicode_ci NULL,
  `created_at` datetime NOT NULL DEFAULT CURRENT_TIMESTAMP,
  `updated_at` datetime NOT NULL DEFAULT CURRENT_TIMESTAMP ON UPDATE CURRENT_TIMESTAMP,
  PRIMARY KEY (`id`) USING BTREE,
  UNIQUE INDEX `uk_b_user_id`(`b_user_id` ASC) USING BTREE,
  INDEX `idx_username`(`username` ASC) USING BTREE,
  INDEX `idx_created_at`(`created_at` ASC) USING BTREE,
  INDEX `idx_updated_at`(`updated_at` ASC) USING BTREE,
  CONSTRAINT `fk_quick_task_config_b_user` FOREIGN KEY (`b_user_id`) REFERENCES `b_users` (`id`) ON DELETE CASCADE ON UPDATE CASCADE
) ENGINE = InnoDB AUTO_INCREMENT = 3 CHARACTER SET = utf8mb4 COLLATE = utf8mb4_unicode_ci COMMENT = 'Bç«¯ç”¨وˆ·ه؟«وچ·و´¾هچ•é…چç½®ن؟،وپ¯è،¨' ROW_FORMAT = Dynamic;

-- ----------------------------
-- Records of quick_task_info_config
-- ----------------------------

-- ----------------------------
-- Table structure for recharge_requests
-- ----------------------------
DROP TABLE IF EXISTS `recharge_requests`;
CREATE TABLE `recharge_requests`  (
  `id` bigint UNSIGNED NOT NULL AUTO_INCREMENT COMMENT 'ه……ه€¼ç”³è¯·ID',
  `user_id` bigint UNSIGNED NOT NULL COMMENT 'ç”¨وˆ·ID',
  `username` varchar(64) CHARACTER SET utf8mb4 COLLATE utf8mb4_unicode_ci NOT NULL COMMENT 'ç”¨وˆ·هگچï¼ˆه†—ن½™ه­—و®µï¼‰',
  `user_type` tinyint NOT NULL COMMENT 'ç”¨وˆ·ç±»ه‍‹ï¼ڑ1=Cç«¯ï¼Œ2=Bç«¯',
  `wallet_id` bigint UNSIGNED NOT NULL COMMENT 'é’±هŒ…ID',
  `amount` bigint NOT NULL DEFAULT 0 COMMENT 'ه……ه€¼é‡‘é¢‌ï¼ˆهچ•ن½چï¼ڑهˆ†ï¼‰',
  `payment_method` varchar(32) CHARACTER SET utf8mb4 COLLATE utf8mb4_unicode_ci NOT NULL COMMENT 'و”¯ن»کو–¹ه¼ڈï¼ڑalipay=و”¯ن»که®‌ï¼Œwechat=ه¾®ن؟،ï¼Œusdt=USDT',
  `payment_voucher` varchar(500) CHARACTER SET utf8mb4 COLLATE utf8mb4_unicode_ci NOT NULL COMMENT 'و”¯ن»که‡­è¯په›¾ç‰‡URL',
  `log_id` bigint UNSIGNED NULL DEFAULT NULL COMMENT 'ه…³èپ”çڑ„é’±هŒ…وµپو°´ID',
  `status` tinyint NOT NULL DEFAULT 0 COMMENT 'ه®،و ¸çٹ¶و€پï¼ڑ0=ه¾…ه®،و ¸ï¼Œ1=ه®،و ¸é€ڑè؟‡ï¼Œ2=ه®،و ¸و‹’ç»‌',
  `reject_reason` varchar(500) CHARACTER SET utf8mb4 COLLATE utf8mb4_unicode_ci NULL DEFAULT NULL COMMENT 'و‹’ç»‌هژںه› ',
  `admin_id` bigint UNSIGNED NULL DEFAULT NULL COMMENT 'ه®،و ¸ç®،çگ†ه‘کID',
  `reviewed_at` datetime NULL DEFAULT NULL COMMENT 'ه®،و ¸و—¶é—´',
  `created_at` datetime NOT NULL DEFAULT CURRENT_TIMESTAMP COMMENT 'ç”³è¯·و—¶é—´',
  PRIMARY KEY (`id`) USING BTREE,
  INDEX `idx_user_id`(`user_id` ASC) USING BTREE,
  INDEX `idx_user_type`(`user_type` ASC) USING BTREE,
  INDEX `idx_wallet_id`(`wallet_id` ASC) USING BTREE,
  INDEX `idx_log_id`(`log_id` ASC) USING BTREE,
  INDEX `idx_status`(`status` ASC) USING BTREE,
  INDEX `idx_created_at`(`created_at` ASC) USING BTREE
) ENGINE = InnoDB AUTO_INCREMENT = 24 CHARACTER SET = utf8mb4 COLLATE = utf8mb4_unicode_ci COMMENT = 'ه……ه€¼ç”³è¯·è،¨-éœ€è¦پç®،çگ†ه‘که®،و ¸' ROW_FORMAT = Dynamic;

-- ----------------------------
-- Records of recharge_requests
-- ----------------------------

-- ----------------------------
-- Table structure for rental_applications
-- ----------------------------
DROP TABLE IF EXISTS `rental_applications`;
CREATE TABLE `rental_applications`  (
  `id` bigint UNSIGNED NOT NULL AUTO_INCREMENT COMMENT 'ه؛”ه¾پID',
  `demand_id` bigint UNSIGNED NOT NULL COMMENT 'ه…³èپ”çڑ„و±‚ç§ںن؟،وپ¯ID',
  `applicant_user_id` bigint UNSIGNED NOT NULL COMMENT 'ه؛”ه¾پè€…ç”¨وˆ·ID',
  `applicant_user_type` tinyint NOT NULL COMMENT 'ه؛”ه¾پè€…ç±»ه‍‹ï¼ڑ1=Cç«¯ï¼Œ2=Bç«¯',
  `allow_renew` tinyint NOT NULL DEFAULT 1 COMMENT 'وک¯هگ¦ه…پè®¸ç»­ç§ںï¼ڑ0=ن¸چه…پè®¸ï¼Œ1=ه…پè®¸',
  `application_json` json NULL COMMENT 'ه؛”ه¾پèµ„و–™ï¼ˆè´¦هڈ·وˆھه›¾م€پè¯´وکژç­‰ï¼‰',
  `status` tinyint NOT NULL DEFAULT 0 COMMENT 'çٹ¶و€پï¼ڑ0=ه¾…ه®،و ¸ï¼Œ1=ه®،و ¸é€ڑè؟‡ï¼ˆè‡ھهٹ¨ç”ںوˆگè®¢هچ•ï¼‰ï¼Œ2=ه·²é©³ه›‍',
  `review_remark` varchar(500) CHARACTER SET utf8mb4 COLLATE utf8mb4_unicode_ci NULL DEFAULT NULL COMMENT 'ه®،و ¸ه¤‡و³¨ï¼ˆé€ڑè؟‡/é©³ه›‍هژںه› ï¼‰',
  `reviewed_at` datetime NULL DEFAULT NULL COMMENT 'ه®،و ¸و—¶é—´',
  `created_at` datetime NOT NULL DEFAULT CURRENT_TIMESTAMP COMMENT 'وڈگن؛¤و—¶é—´',
  `updated_at` datetime NOT NULL DEFAULT CURRENT_TIMESTAMP ON UPDATE CURRENT_TIMESTAMP COMMENT 'و›´و–°و—¶é—´',
  PRIMARY KEY (`id`) USING BTREE,
  INDEX `idx_demand_id`(`demand_id` ASC) USING BTREE,
  INDEX `idx_applicant`(`applicant_user_id` ASC, `applicant_user_type` ASC) USING BTREE,
  INDEX `idx_status`(`status` ASC) USING BTREE,
  INDEX `idx_created_at`(`created_at` ASC) USING BTREE
) ENGINE = InnoDB AUTO_INCREMENT = 4 CHARACTER SET = utf8mb4 COLLATE = utf8mb4_unicode_ci COMMENT = 'و±‚ç§ںه؛”ه¾پè،¨-وˆ‘وœ‰ç¬¦هگˆè¦پو±‚çڑ„è´¦هڈ·' ROW_FORMAT = Dynamic;

-- ----------------------------
-- Records of rental_applications
-- ----------------------------

-- ----------------------------
-- Table structure for rental_demands
-- ----------------------------
DROP TABLE IF EXISTS `rental_demands`;
CREATE TABLE `rental_demands`  (
  `id` bigint UNSIGNED NOT NULL AUTO_INCREMENT COMMENT 'و±‚ç§ںن؟،وپ¯ID',
  `user_id` bigint UNSIGNED NOT NULL COMMENT 'و±‚ç§ںو–¹ç”¨وˆ·ID',
  `user_type` tinyint NOT NULL COMMENT 'و±‚ç§ںو–¹ç±»ه‍‹ï¼ڑ1=Cç«¯ï¼Œ2=Bç«¯',
  `wallet_id` bigint UNSIGNED NOT NULL COMMENT 'é’±هŒ…ID',
  `title` varchar(200) CHARACTER SET utf8mb4 COLLATE utf8mb4_unicode_ci NOT NULL COMMENT 'و ‡é¢ک',
  `budget_amount` bigint NOT NULL DEFAULT 0 COMMENT 'é¢„ç®—é‡‘é¢‌ï¼ˆهچ•ن½چï¼ڑهˆ†ï¼Œهڈ‘ه¸ƒو—¶ه†»ç»“ï¼‰',
  `days_needed` int UNSIGNED NOT NULL COMMENT 'éœ€è¦پç§ںç”¨ه¤©و•°',
  `deadline` datetime NOT NULL COMMENT 'وˆھو­¢و—¶é—´ï¼ˆوœ€ه¤ڑ30ه¤©ï¼‰',
  `requirements_json` json NULL COMMENT 'è´¦هڈ·è¦پو±‚م€پç™»ه½•è¦پو±‚ç­‰è¯¦ç»†éœ€و±‚',
  `status` tinyint NOT NULL DEFAULT 1 COMMENT 'çٹ¶و€پï¼ڑ0=ه·²ن¸‹و‍¶ï¼ˆé‡ٹو”¾ه†»ç»“ï¼‰ï¼Œ1=هڈ‘ه¸ƒن¸­ï¼ˆé¢„ç®—ه·²ه†»ç»“ï¼‰ï¼Œ2=ه·²وˆگن؛¤ï¼ˆè®¢هچ•ç”ںوˆگï¼‰ï¼Œ3=ه·²è؟‡وœںï¼ˆè‡ھهٹ¨ن¸‹و‍¶ï¼Œé‡ٹو”¾ه†»ç»“ï¼‰',
  `view_count` int UNSIGNED NOT NULL DEFAULT 0 COMMENT 'وµڈè§ˆو¬،و•°',
  `created_at` datetime NOT NULL DEFAULT CURRENT_TIMESTAMP COMMENT 'هڈ‘ه¸ƒو—¶é—´',
  `updated_at` datetime NOT NULL DEFAULT CURRENT_TIMESTAMP ON UPDATE CURRENT_TIMESTAMP COMMENT 'و›´و–°و—¶é—´',
  PRIMARY KEY (`id`) USING BTREE,
  INDEX `idx_user`(`user_id` ASC, `user_type` ASC) USING BTREE,
  INDEX `idx_wallet_id`(`wallet_id` ASC) USING BTREE,
  INDEX `idx_status`(`status` ASC) USING BTREE,
  INDEX `idx_deadline`(`deadline` ASC) USING BTREE,
  INDEX `idx_created_at`(`created_at` ASC) USING BTREE
) ENGINE = InnoDB AUTO_INCREMENT = 10 CHARACTER SET = utf8mb4 COLLATE = utf8mb4_unicode_ci COMMENT = 'و±‚ç§ںن؟،وپ¯è،¨-è´¦هڈ·éœ€و±‚ه¸‚هœ؛' ROW_FORMAT = Dynamic;

-- ----------------------------
-- Records of rental_demands
-- ----------------------------

-- ----------------------------
-- Table structure for rental_offers
-- ----------------------------
DROP TABLE IF EXISTS `rental_offers`;
CREATE TABLE `rental_offers`  (
  `id` bigint UNSIGNED NOT NULL AUTO_INCREMENT COMMENT 'ه‡؛ç§ںن؟،وپ¯ID',
  `user_id` bigint UNSIGNED NOT NULL COMMENT 'ه‡؛ç§ںو–¹ç”¨وˆ·ID',
  `user_type` tinyint NOT NULL COMMENT 'ه‡؛ç§ںو–¹ç±»ه‍‹ï¼ڑ1=Cç«¯ï¼Œ2=Bç«¯',
  `title` varchar(200) CHARACTER SET utf8mb4 COLLATE utf8mb4_unicode_ci NOT NULL COMMENT 'و ‡é¢ک',
  `price_per_day` bigint NOT NULL DEFAULT 0 COMMENT 'و—¥ç§ںé‡‘ï¼ˆهچ•ن½چï¼ڑهˆ†ï¼‰',
  `min_days` int UNSIGNED NOT NULL DEFAULT 1 COMMENT 'وœ€ه°‘ç§ںèµپه¤©و•°',
  `max_days` int UNSIGNED NOT NULL DEFAULT 30 COMMENT 'وœ€ه¤ڑç§ںèµپه¤©و•°',
  `allow_renew` tinyint NOT NULL DEFAULT 0 COMMENT 'وک¯هگ¦ه…پè®¸ç»­ç§ںï¼ڑ0=ن¸چه…پè®¸ï¼Œ1=ه…پè®¸',
  `content_json` json NULL COMMENT 'è¯¦ç»†ه†…ه®¹ï¼ˆè´¦هڈ·èƒ½هٹ›م€پç™»ه½•و–¹ه¼ڈم€پè¯´وکژم€پوˆھه›¾ç­‰ï¼‰',
  `status` tinyint NOT NULL DEFAULT 1 COMMENT 'çٹ¶و€پï¼ڑ0=ه·²ن¸‹و‍¶ï¼Œ1=ن¸ٹو‍¶ن¸­ï¼Œ2=ه·²ه°پç¦پ',
  `view_count` int UNSIGNED NOT NULL DEFAULT 0 COMMENT 'وµڈè§ˆو¬،و•°',
  `created_at` datetime NOT NULL DEFAULT CURRENT_TIMESTAMP COMMENT 'هڈ‘ه¸ƒو—¶é—´',
  `updated_at` datetime NOT NULL DEFAULT CURRENT_TIMESTAMP ON UPDATE CURRENT_TIMESTAMP COMMENT 'و›´و–°و—¶é—´',
  PRIMARY KEY (`id`) USING BTREE,
  INDEX `idx_user`(`user_id` ASC, `user_type` ASC) USING BTREE,
  INDEX `idx_status`(`status` ASC) USING BTREE,
  INDEX `idx_price`(`price_per_day` ASC) USING BTREE,
  INDEX `idx_created_at`(`created_at` ASC) USING BTREE
) ENGINE = InnoDB AUTO_INCREMENT = 10 CHARACTER SET = utf8mb4 COLLATE = utf8mb4_unicode_ci COMMENT = 'ه‡؛ç§ںن؟،وپ¯è،¨-è´¦هڈ·ه‡؛ç§ںه¸‚هœ؛' ROW_FORMAT = Dynamic;

-- ----------------------------
-- Records of rental_offers
-- ----------------------------

-- ----------------------------
-- Table structure for rental_orders
-- ----------------------------
DROP TABLE IF EXISTS `rental_orders`;
CREATE TABLE `rental_orders`  (
  `id` bigint UNSIGNED NOT NULL AUTO_INCREMENT COMMENT 'è®¢هچ•ID',
  `source_type` tinyint NOT NULL COMMENT 'و‌¥و؛گç±»ه‍‹ï¼ڑ0=ه‡؛ç§ںن؟،وپ¯وˆگن؛¤ï¼Œ1=و±‚ç§ںن؟،وپ¯وˆگن؛¤',
  `source_id` bigint UNSIGNED NOT NULL COMMENT 'و‌¥و؛گIDï¼ˆoffer_idوˆ–demand_idï¼‰',
  `buyer_user_id` bigint UNSIGNED NOT NULL COMMENT 'ن¹°و–¹ï¼ˆç§ںç”¨و–¹ï¼‰ç”¨وˆ·ID',
  `buyer_user_type` varchar(10) CHARACTER SET utf8mb4 COLLATE utf8mb4_unicode_ci NOT NULL COMMENT 'ن¹°و–¹ç±»ه‍‹ï¼ڑb=Bç«¯ï¼Œc=Cç«¯',
  `buyer_wallet_id` bigint UNSIGNED NOT NULL COMMENT 'ن¹°و–¹é’±هŒ…ID',
  `buyer_info_json` json NULL COMMENT 'ن¹°و–¹è¯¦ç»†ن؟،وپ¯ï¼ˆو±‚ç§ںéœ€و±‚/ن¸‹هچ•ه¤‡و³¨ç­‰ï¼‰',
  `seller_user_id` bigint UNSIGNED NOT NULL COMMENT 'هچ–و–¹ï¼ˆه‡؛ç§ںو–¹ï¼‰ç”¨وˆ·ID',
  `seller_user_type` varchar(10) CHARACTER SET utf8mb4 COLLATE utf8mb4_unicode_ci NOT NULL COMMENT 'هچ–و–¹ç±»ه‍‹ï¼ڑb=Bç«¯ï¼Œc=Cç«¯',
  `seller_wallet_id` bigint UNSIGNED NOT NULL COMMENT 'هچ–و–¹é’±هŒ…ID',
  `seller_info_json` json NULL COMMENT 'هچ–و–¹è¯¦ç»†ن؟،وپ¯ï¼ˆè´¦هڈ·ن؟،وپ¯/ه؛”ه¾پèµ„و–™ç­‰ï¼‰',
  `agent_user_id` bigint UNSIGNED NULL DEFAULT NULL COMMENT 'ه›¢é•؟ç”¨وˆ·ID',
  `agent_amount` bigint NOT NULL DEFAULT 0 COMMENT 'ه›¢é•؟ن½£é‡‘é‡‘é¢‌ï¼ˆهˆ†ï¼‰',
  `total_amount` bigint NOT NULL COMMENT 'è®¢هچ•و€»é‡‘é¢‌ï¼ˆهچ•ن½چï¼ڑهˆ†ï¼‰',
  `platform_amount` bigint NOT NULL DEFAULT 0 COMMENT 'ه¹³هڈ°وٹ½وˆگé‡‘é¢‌ï¼ˆهچ•ن½چï¼ڑهˆ†ï¼‰',
  `seller_amount` bigint NOT NULL DEFAULT 0 COMMENT 'هچ–و–¹ه®‍ه¾—é‡‘é¢‌ï¼ˆهچ•ن½چï¼ڑهˆ†ï¼‰',
  `days` int UNSIGNED NOT NULL COMMENT 'ç§ںèµپه¤©و•°',
  `allow_renew` tinyint NOT NULL DEFAULT 0 COMMENT 'وک¯هگ¦ه…پè®¸ç»­ç§ںï¼ڑ0=ن¸چه…پè®¸ï¼Œ1=ه…پè®¸',
  `order_json` json NULL COMMENT 'è®¢هچ•é¢‌ه¤–و•°وچ®ï¼ˆن»·و ¼ه؟«ç…§ç­‰ï¼‰',
  `status` tinyint NOT NULL DEFAULT 0 COMMENT 'çٹ¶و€پï¼ڑ0=ه¾…و”¯ن»کï¼Œ1=ه·²و”¯ن»ک/ه¾…ه®¢وœچï¼Œ2=è؟›è،Œن¸­ï¼Œ3=ه·²ه®Œوˆگï¼Œ4=ه·²هڈ–و¶ˆ',
  `created_at` datetime NOT NULL DEFAULT CURRENT_TIMESTAMP COMMENT 'هˆ›ه»؛و—¶é—´',
  `updated_at` datetime NOT NULL DEFAULT CURRENT_TIMESTAMP ON UPDATE CURRENT_TIMESTAMP COMMENT 'و›´و–°و—¶é—´',
  PRIMARY KEY (`id`) USING BTREE,
  INDEX `idx_source`(`source_type` ASC, `source_id` ASC) USING BTREE,
  INDEX `idx_buyer`(`buyer_user_id` ASC, `buyer_user_type` ASC) USING BTREE,
  INDEX `idx_seller`(`seller_user_id` ASC, `seller_user_type` ASC) USING BTREE,
  INDEX `idx_status`(`status` ASC) USING BTREE,
  INDEX `idx_created_at`(`created_at` ASC) USING BTREE
) ENGINE = InnoDB AUTO_INCREMENT = 1 CHARACTER SET = utf8mb4 COLLATE = utf8mb4_unicode_ci COMMENT = 'ç§ںèµپè®¢هچ•è،¨-وˆگن؛¤è®¢هچ•è®°ه½•' ROW_FORMAT = Dynamic;

-- ----------------------------
-- Records of rental_orders
-- ----------------------------

-- ----------------------------
-- Table structure for rental_ticket_messages
-- ----------------------------
DROP TABLE IF EXISTS `rental_ticket_messages`;
CREATE TABLE `rental_ticket_messages`  (
  `id` bigint UNSIGNED NOT NULL AUTO_INCREMENT COMMENT 'و¶ˆوپ¯ID',
  `ticket_id` bigint UNSIGNED NOT NULL COMMENT 'ه·¥هچ•ID',
  `sender_type` tinyint NOT NULL COMMENT 'هڈ‘é€پè€…ç±»ه‍‹ï¼ڑ1=Cç«¯ç”¨وˆ·ï¼Œ2=Bç«¯ç”¨وˆ·ï¼Œ3=Adminï¼Œ4=ç³»ç»ں',
  `sender_id` bigint UNSIGNED NULL DEFAULT NULL COMMENT 'هڈ‘é€پè€…IDï¼ˆç³»ç»ںو¶ˆوپ¯ن¸؛NULLï¼‰',
  `message_type` tinyint NOT NULL DEFAULT 0 COMMENT 'و¶ˆوپ¯ç±»ه‍‹ï¼ڑ0=و–‡وœ¬ï¼Œ1=ه›¾ç‰‡ï¼Œ2=و–‡ن»¶ï¼Œ3=ç³»ç»ںé€ڑçں¥',
  `content` text CHARACTER SET utf8mb4 COLLATE utf8mb4_unicode_ci NOT NULL COMMENT 'و¶ˆوپ¯ه†…ه®¹',
  `attachments` json NULL COMMENT 'é™„ن»¶ï¼ˆJSONو•°ç»„ï¼ڑ[{url,type,name,size}]ï¼‰',
  `is_read` tinyint NOT NULL DEFAULT 0 COMMENT 'وک¯هگ¦ه·²è¯»ï¼ڑ0=وœھè¯»ï¼Œ1=ه·²è¯»',
  `created_at` datetime NOT NULL DEFAULT CURRENT_TIMESTAMP COMMENT 'هڈ‘é€پو—¶é—´',
  PRIMARY KEY (`id`) USING BTREE,
  INDEX `idx_ticket_id`(`ticket_id` ASC) USING BTREE,
  INDEX `idx_sender`(`sender_type` ASC, `sender_id` ASC) USING BTREE,
  INDEX `idx_created_at`(`created_at` ASC) USING BTREE
) ENGINE = InnoDB AUTO_INCREMENT = 1 CHARACTER SET = utf8mb4 COLLATE = utf8mb4_unicode_ci COMMENT = 'ه·¥هچ•و¶ˆوپ¯è،¨-ه®¢وœچèپٹه¤©è®°ه½•' ROW_FORMAT = Dynamic;

-- ----------------------------
-- Records of rental_ticket_messages
-- ----------------------------

-- ----------------------------
-- Table structure for rental_tickets
-- ----------------------------
DROP TABLE IF EXISTS `rental_tickets`;
CREATE TABLE `rental_tickets`  (
  `id` bigint UNSIGNED NOT NULL AUTO_INCREMENT COMMENT 'ه·¥هچ•ID',
  `ticket_no` varchar(20) CHARACTER SET utf8mb4 COLLATE utf8mb4_unicode_ci NOT NULL COMMENT 'ه·¥هچ•ç¼–هڈ·ï¼ˆTK + YYYYMMDD + 6ن½چéڑڈوœ؛و•°ï¼‰',
  `order_id` bigint UNSIGNED NOT NULL COMMENT 'ه…³èپ”è®¢هچ•ID',
  `creator_user_id` bigint UNSIGNED NOT NULL COMMENT 'هˆ›ه»؛è€…ç”¨وˆ·ID',
  `creator_user_type` tinyint NOT NULL COMMENT 'هˆ›ه»؛è€…ç±»ه‍‹ï¼ڑ1=Cç«¯ï¼Œ2=Bç«¯',
  `title` varchar(200) CHARACTER SET utf8mb4 COLLATE utf8mb4_unicode_ci NOT NULL COMMENT 'ه·¥هچ•و ‡é¢ک',
  `description` text CHARACTER SET utf8mb4 COLLATE utf8mb4_unicode_ci NOT NULL COMMENT 'é—®é¢کوڈڈè؟°',
  `status` tinyint NOT NULL DEFAULT 0 COMMENT 'çٹ¶و€پï¼ڑ0=ه¾…ه¤„çگ†ï¼Œ1=ه¤„çگ†ن¸­ï¼Œ2=ه·²è§£ه†³ï¼Œ3=ه·²ه…³é—­',
  `handler_id` bigint UNSIGNED NULL DEFAULT NULL COMMENT 'ه¤„çگ†ن؛؛IDï¼ˆAdminï¼‰',
  `created_at` datetime NOT NULL DEFAULT CURRENT_TIMESTAMP COMMENT 'هˆ›ه»؛و—¶é—´',
  `updated_at` datetime NOT NULL DEFAULT CURRENT_TIMESTAMP ON UPDATE CURRENT_TIMESTAMP COMMENT 'و›´و–°و—¶é—´',
  `closed_at` datetime NULL DEFAULT NULL COMMENT 'ه…³é—­و—¶é—´',
  PRIMARY KEY (`id`) USING BTREE,
  UNIQUE INDEX `uk_ticket_no`(`ticket_no` ASC) USING BTREE,
  INDEX `idx_order_id`(`order_id` ASC) USING BTREE,
  INDEX `idx_creator`(`creator_user_id` ASC, `creator_user_type` ASC) USING BTREE,
  INDEX `idx_status`(`status` ASC) USING BTREE,
  INDEX `idx_handler_id`(`handler_id` ASC) USING BTREE,
  INDEX `idx_created_at`(`created_at` ASC) USING BTREE
) ENGINE = InnoDB AUTO_INCREMENT = 1 CHARACTER SET = utf8mb4 COLLATE = utf8mb4_unicode_ci COMMENT = 'ç§ںèµپه·¥هچ•è،¨-ه”®هگژç؛ ç؛·ه¤„çگ†' ROW_FORMAT = Dynamic;

-- ----------------------------
-- Records of rental_tickets
-- ----------------------------

-- ----------------------------
-- Table structure for system_permission_template
-- ----------------------------
DROP TABLE IF EXISTS `system_permission_template`;
CREATE TABLE `system_permission_template`  (
  `id` bigint UNSIGNED NOT NULL AUTO_INCREMENT COMMENT 'و¨،و‌؟ID',
  `name` varchar(50) CHARACTER SET utf8mb4 COLLATE utf8mb4_unicode_ci NOT NULL COMMENT 'é‌¢و‌؟هگچç§°ï¼ˆن¸­و–‡ï¼‰',
  `code` varchar(50) CHARACTER SET utf8mb4 COLLATE utf8mb4_unicode_ci NOT NULL COMMENT 'é‌¢و‌؟ن»£ç پï¼ˆè‹±و–‡ï¼‰',
  `description` varchar(200) CHARACTER SET utf8mb4 COLLATE utf8mb4_unicode_ci NULL DEFAULT NULL COMMENT 'é‌¢و‌؟وڈڈè؟°',
  `parent_id` bigint UNSIGNED NULL DEFAULT NULL COMMENT 'çˆ¶ç؛§é‌¢و‌؟ID',
  `icon` varchar(50) CHARACTER SET utf8mb4 COLLATE utf8mb4_unicode_ci NULL DEFAULT NULL COMMENT 'ه›¾و ‡ç±»هگچ',
  `url` varchar(100) CHARACTER SET utf8mb4 COLLATE utf8mb4_unicode_ci NULL DEFAULT NULL COMMENT 'é،µé‌¢URL',
  `sort_order` int NOT NULL DEFAULT 0 COMMENT 'وژ’ه؛ڈé،؛ه؛ڈ',
  `status` tinyint NOT NULL DEFAULT 1 COMMENT 'çٹ¶و€پï¼ڑ1=هگ¯ç”¨ï¼Œ0=ç¦پç”¨',
  `created_at` datetime NOT NULL DEFAULT CURRENT_TIMESTAMP COMMENT 'هˆ›ه»؛و—¶é—´',
  `updated_at` datetime NOT NULL DEFAULT CURRENT_TIMESTAMP ON UPDATE CURRENT_TIMESTAMP COMMENT 'و›´و–°و—¶é—´',
  `parent_level` int NULL DEFAULT NULL COMMENT 'ه¯¼èˆھé‌¢و‌؟ç؛§هˆ«ï¼ڑ1=ن¸€ç؛§ï¼Œ2=ن؛Œç؛§',
  `section_id` varchar(200) CHARACTER SET utf8mb4 COLLATE utf8mb4_unicode_ci NULL DEFAULT NULL COMMENT 'ه¯¹ه؛”divوک¾ç¤؛çڑ„id',
  PRIMARY KEY (`id`) USING BTREE,
  UNIQUE INDEX `uk_code`(`code` ASC) USING BTREE,
  INDEX `idx_parent_id`(`parent_id` ASC) USING BTREE,
  INDEX `idx_status`(`status` ASC) USING BTREE
) ENGINE = InnoDB AUTO_INCREMENT = 34 CHARACTER SET = utf8mb4 COLLATE = utf8mb4_unicode_ci COMMENT = 'ç³»ç»ںو‌ƒé™گو¨،و‌؟è،¨ï¼ˆه¯¼èˆھو ڈé‌¢و‌؟ï¼‰' ROW_FORMAT = DYNAMIC;

-- ----------------------------
-- Records of system_permission_template
-- ----------------------------
INSERT INTO `system_permission_template` VALUES (1, 'ç»ںè®،é‌¢و‌؟', 'dashboard', 'ç³»ç»ںè؟گèگ¥و¦‚è§ˆ', NULL, 'ri-dashboard-3-line', 'dashboard', 1, 1, '2026-03-06 16:44:05', '2026-03-14 00:37:36', 1, 'dashboardSection');
INSERT INTO `system_permission_template` VALUES (2, 'Bç«¯ç”¨وˆ·', 'b-users', 'Bç«¯ç”¨وˆ·ç®،çگ†', NULL, 'ri-building-4-line', 'b-users', 2, 1, '2026-03-06 16:44:05', '2026-03-14 00:38:06', 1, 'b-usersSection');
INSERT INTO `system_permission_template` VALUES (3, 'Cç«¯ç”¨وˆ·', 'c-users', 'Cç«¯ç”¨وˆ·ç®،çگ†', NULL, 'ri-user-3-line', 'c-users', 3, 1, '2026-03-06 16:44:05', '2026-03-14 00:38:11', 1, 'c-usersSection');
INSERT INTO `system_permission_template` VALUES (4, 'ç³»ç»ںç”¨وˆ·', 'system-users', 'ç³»ç»ںç”¨وˆ·ç®،çگ†', NULL, 'ri-admin-line', 'system-users', 3, 1, '2026-03-06 16:44:05', '2026-03-14 16:50:44', 1, 'system-usersSection');
INSERT INTO `system_permission_template` VALUES (5, 'è§’è‰²ç®،çگ†', 'system-roles', 'è§’è‰²و‌ƒé™گç®،çگ†', NULL, 'ri-shield-keyhole-line', 'system-roles', 6, 1, '2026-03-06 16:44:05', '2026-03-14 16:51:22', 1, 'system-rolesSection');
INSERT INTO `system_permission_template` VALUES (6, 'و‌ƒé™گç®،çگ†', 'system-permissions', 'و‌ƒé™گو¨،و‌؟ç®،çگ†', NULL, 'ri-lock-line', 'system-permissions', 6, 1, '2026-03-06 16:44:05', '2026-03-14 00:41:36', 1, 'system-permissionsSection');
INSERT INTO `system_permission_template` VALUES (7, 'ن»»هٹ،و¨،و‌؟', 'templates', 'ن»»هٹ،و¨،و‌؟ç®،çگ†', NULL, 'ri-file-list-3-line', 'templates', 7, 1, '2026-03-06 16:44:05', '2026-03-14 00:38:31', 1, 'templatesSection');
INSERT INTO `system_permission_template` VALUES (8, 'ن»»هٹ،ه¸‚هœ؛', 'market', 'ن»»هٹ،ه¸‚هœ؛ç›‘وژ§', NULL, 'ri-store-2-line', 'market', 8, 1, '2026-03-06 16:44:05', '2026-03-14 00:38:34', 1, 'marketSection');
INSERT INTO `system_permission_template` VALUES (9, 'ن»»هٹ،ه®،و ¸', 'task-review', 'ن»»هٹ،ه®،و ¸ç®،çگ†', NULL, 'ri-check-double-line', 'task-review', 4, 1, '2026-03-06 16:44:05', '2026-03-14 16:49:52', 1, 'task-reviewSection');
INSERT INTO `system_permission_template` VALUES (10, 'و”¾ه¤§é•œن»»هٹ،', 'magnifier', 'و”¾ه¤§é•œن»»هٹ،ç®،çگ†', NULL, 'ri-search-line', 'magnifier', 10, 1, '2026-03-06 16:44:05', '2026-03-14 00:41:45', 1, 'magnifierSection');
INSERT INTO `system_permission_template` VALUES (11, 'é’±هŒ…è®°ه½•', 'wallet-logs', 'é’±هŒ…èµ„é‡‘è®°ه½•', NULL, 'ri-wallet-3-line', 'wallet-logs', 3, 1, '2026-03-06 16:44:05', '2026-03-14 16:30:04', 1, 'wallet-logsSection');
INSERT INTO `system_permission_template` VALUES (12, 'ه……ه€¼ه®،و ¸', 'recharge', 'ه……ه€¼ه®،و ¸ç®،çگ†', NULL, 'ri-money-dollar-circle-line', 'recharge', 4, 1, '2026-03-06 16:44:05', '2026-03-14 16:49:58', 1, 'rechargeSection');
INSERT INTO `system_permission_template` VALUES (13, 'وڈگçژ°ه®،و ¸', 'withdraw', 'وڈگçژ°ه®،و ¸ç®،çگ†', NULL, 'ri-hand-coin-line', 'withdraw', 4, 1, '2026-03-06 16:44:05', '2026-03-14 16:50:00', 1, 'withdrawSection');
INSERT INTO `system_permission_template` VALUES (14, 'ه›¢é•؟ه®،و ¸', 'agent', 'ه›¢é•؟ç”³è¯·ه®،و ¸', NULL, 'ri-vip-crown-line', 'agent', 5, 1, '2026-03-06 16:44:05', '2026-03-14 16:50:10', 1, 'agentSection');
INSERT INTO `system_permission_template` VALUES (15, 'ç§ںèµپه¤„çگ†', 'rental-orders', 'ç§ںèµپè®¢هچ•ه¤„çگ†', NULL, 'ri-home-smile-2-line', 'rental-orders', 15, 1, '2026-03-06 16:44:05', '2026-03-14 00:39:02', 1, 'rental-ordersSection');
INSERT INTO `system_permission_template` VALUES (16, 'ه·¥هچ•ç®،çگ†', 'rental-tickets', 'ç§ںèµپه·¥هچ•ç®،çگ†', NULL, 'ri-customer-service-2-line', 'rental-tickets', 16, 1, '2026-03-06 16:44:05', '2026-03-14 00:39:09', 1, 'rental-ticketsSection');
INSERT INTO `system_permission_template` VALUES (17, 'ç½‘ç«™é…چç½®', 'system-config', 'ç½‘ç«™ç³»ç»ںé…چç½®', NULL, 'ri-settings-4-line', 'system-config', 17, 1, '2026-03-06 16:44:05', '2026-03-14 00:39:15', 1, 'system-configSection');
INSERT INTO `system_permission_template` VALUES (18, 'ç³»ç»ںé€ڑçں¥', 'notifications', 'ç³»ç»ںé€ڑçں¥ç®،çگ†', NULL, 'ri-notification-3-line', 'notifications', 18, 1, '2026-03-06 16:44:05', '2026-03-14 00:40:29', 1, 'notificationsSection');
INSERT INTO `system_permission_template` VALUES (19, 'ه›¢é•؟è؟پè·ƒهچ‡ç؛§', 'agent-upgrade', 'Cç«¯ç”¨وˆ·ن»£çگ†ç­‰ç؛§è·ƒè؟پç®،çگ†', NULL, 'ri-arrow-up-circle-line', 'agent', 5, 1, '2026-03-08 14:01:49', '2026-03-14 16:50:07', 1, 'agentUpgradeSection');
INSERT INTO `system_permission_template` VALUES (20, 'وڈگç¤؛é€ڑçں¥هˆ—è،¨', 'notification-logs', 'ç³»ç»ںé€ڑçں¥و£€وµ‹و—¥ه؟—', NULL, 'ri-file-list-line', 'notification-logs', 19, 1, '2026-03-08 14:01:49', '2026-03-14 00:40:43', 1, 'notification-logsSection');
INSERT INTO `system_permission_template` VALUES (21, 'ç™»ه½•è®¾ه¤‡é…چç½®', 'login-devices-config', 'ç”¨وˆ·ç™»ه½•è®¾ه¤‡و•°é‡ڈé…چç½®', NULL, 'ri-lock-unlock-line', 'login-devices-config', 20, 1, '2026-03-10 12:55:46', '2026-03-14 00:39:26', 1, 'login-devices-configSection');
INSERT INTO `system_permission_template` VALUES (22, 'و´¾هچ•ç”¨وˆ·ن؛¤وک“وµپو°´', 'b-statisticsSection', 'Bç«¯ç”¨وˆ·ن؛¤وک“وµپو°´ç®،çگ†', NULL, 'ri-wallet-2-line', 'b-statistics', 3, 1, '2026-03-10 12:00:00', '2026-03-14 01:08:13', 1, 'b-statisticsSection');
INSERT INTO `system_permission_template` VALUES (23, 'وژ¥هچ•ç”¨وˆ·ن؛¤وک“وµپو°´', 'c-statisticsSection', 'Cç«¯ç”¨وˆ·ن؛¤وک“وµپو°´ç®،çگ†', NULL, 'ri-wallet-2-line', 'c-statistics', 3, 1, '2026-03-13 19:01:24', '2026-03-14 01:08:17', 1, 'c-statisticsSection');
INSERT INTO `system_permission_template` VALUES (30, 'و´¾هچ•ن؛¤وک“وµپو°´', 'b-statistics-flows', 'Bç«¯ç”¨وˆ·ن؛¤وک“وµپو°´è®°ه½•', 22, 'ri-list-check', 'b-statistics-flows', 1, 1, '2026-03-13 17:36:18', '2026-03-14 01:06:06', 2, 'b-statisticsSection');
INSERT INTO `system_permission_template` VALUES (31, 'و´¾هچ•و•°وچ®ç»ںè®،', 'b-statistics-summary', 'Bç«¯ç”¨وˆ·ن؛¤وک“و•°وچ®ç»ںè®،', 22, 'ri-bar-chart-line', 'b-statistics-summary', 2, 1, '2026-03-13 17:36:18', '2026-03-14 00:48:30', 2, 'bStatisticsSummary');
INSERT INTO `system_permission_template` VALUES (32, 'وژ¥هچ•ن؛¤وک“وµپو°´', 'c-statistics-flows', 'Cç«¯ç”¨وˆ·ن؛¤وک“وµپو°´è®°ه½•', 23, 'ri-list-check', 'c-statistics-flows', 1, 1, '2026-03-13 19:05:00', '2026-03-14 00:48:35', 2, 'cUsersStatisticsTable');
INSERT INTO `system_permission_template` VALUES (33, 'وژ¥هچ•و•°وچ®ç»ںè®،', 'c-statistics-summary', 'Cç«¯و•°وچ®ç»ںè®،ç®،çگ†', 23, 'ri-wallet-2-line', 'c-statistics-summary', 2, 1, '2026-03-13 19:05:56', '2026-03-14 00:48:38', 2, 'cStatisticsSummary');

-- ----------------------------
-- Table structure for system_role_permission_template
-- ----------------------------
DROP TABLE IF EXISTS `system_role_permission_template`;
CREATE TABLE `system_role_permission_template`  (
  `id` bigint UNSIGNED NOT NULL AUTO_INCREMENT COMMENT 'ID',
  `role_id` bigint UNSIGNED NOT NULL COMMENT 'è§’è‰²ID',
  `template_id` bigint UNSIGNED NOT NULL COMMENT 'و¨،و‌؟ID',
  `created_at` datetime NOT NULL DEFAULT CURRENT_TIMESTAMP COMMENT 'هˆ›ه»؛و—¶é—´',
  PRIMARY KEY (`id`) USING BTREE,
  UNIQUE INDEX `uk_role_template`(`role_id` ASC, `template_id` ASC) USING BTREE,
  INDEX `idx_role_id`(`role_id` ASC) USING BTREE,
  INDEX `idx_template_id`(`template_id` ASC) USING BTREE
) ENGINE = InnoDB AUTO_INCREMENT = 250 CHARACTER SET = utf8mb4 COLLATE = utf8mb4_unicode_ci COMMENT = 'è§’è‰²و‌ƒé™گو¨،و‌؟ه…³èپ”è،¨' ROW_FORMAT = DYNAMIC;

-- ----------------------------
-- Records of system_role_permission_template
-- ----------------------------
INSERT INTO `system_role_permission_template` VALUES (32, 6, 1, '2026-03-06 17:04:23');
INSERT INTO `system_role_permission_template` VALUES (33, 6, 2, '2026-03-06 17:04:23');
INSERT INTO `system_role_permission_template` VALUES (34, 6, 3, '2026-03-06 17:04:23');
INSERT INTO `system_role_permission_template` VALUES (35, 6, 4, '2026-03-06 17:04:23');
INSERT INTO `system_role_permission_template` VALUES (36, 6, 5, '2026-03-06 17:04:23');
INSERT INTO `system_role_permission_template` VALUES (37, 6, 6, '2026-03-06 17:04:23');
INSERT INTO `system_role_permission_template` VALUES (38, 6, 7, '2026-03-06 17:04:23');
INSERT INTO `system_role_permission_template` VALUES (39, 6, 8, '2026-03-06 17:04:23');
INSERT INTO `system_role_permission_template` VALUES (40, 6, 9, '2026-03-06 17:04:23');
INSERT INTO `system_role_permission_template` VALUES (41, 6, 10, '2026-03-06 17:04:23');
INSERT INTO `system_role_permission_template` VALUES (42, 6, 11, '2026-03-06 17:04:23');
INSERT INTO `system_role_permission_template` VALUES (43, 6, 12, '2026-03-06 17:04:23');
INSERT INTO `system_role_permission_template` VALUES (44, 6, 13, '2026-03-06 17:04:23');
INSERT INTO `system_role_permission_template` VALUES (45, 6, 14, '2026-03-06 17:04:23');
INSERT INTO `system_role_permission_template` VALUES (46, 6, 15, '2026-03-06 17:04:23');
INSERT INTO `system_role_permission_template` VALUES (47, 6, 16, '2026-03-06 17:04:23');
INSERT INTO `system_role_permission_template` VALUES (48, 6, 17, '2026-03-06 17:04:23');
INSERT INTO `system_role_permission_template` VALUES (49, 6, 18, '2026-03-06 17:04:23');
INSERT INTO `system_role_permission_template` VALUES (59, 2, 1, '2026-03-06 17:34:51');
INSERT INTO `system_role_permission_template` VALUES (60, 2, 2, '2026-03-06 17:34:51');
INSERT INTO `system_role_permission_template` VALUES (61, 2, 3, '2026-03-06 17:34:51');
INSERT INTO `system_role_permission_template` VALUES (62, 2, 7, '2026-03-06 17:34:51');
INSERT INTO `system_role_permission_template` VALUES (63, 2, 8, '2026-03-06 17:34:51');
INSERT INTO `system_role_permission_template` VALUES (64, 2, 9, '2026-03-06 17:34:51');
INSERT INTO `system_role_permission_template` VALUES (65, 2, 10, '2026-03-06 17:34:51');
INSERT INTO `system_role_permission_template` VALUES (66, 2, 11, '2026-03-06 17:34:51');
INSERT INTO `system_role_permission_template` VALUES (67, 2, 12, '2026-03-06 17:34:51');
INSERT INTO `system_role_permission_template` VALUES (68, 2, 13, '2026-03-06 17:34:51');
INSERT INTO `system_role_permission_template` VALUES (69, 2, 14, '2026-03-06 17:34:51');
INSERT INTO `system_role_permission_template` VALUES (70, 2, 15, '2026-03-06 17:34:51');
INSERT INTO `system_role_permission_template` VALUES (71, 2, 16, '2026-03-06 17:34:51');
INSERT INTO `system_role_permission_template` VALUES (72, 2, 18, '2026-03-06 17:34:51');
INSERT INTO `system_role_permission_template` VALUES (73, 4, 1, '2026-03-06 17:58:30');
INSERT INTO `system_role_permission_template` VALUES (74, 4, 11, '2026-03-06 17:58:30');
INSERT INTO `system_role_permission_template` VALUES (75, 4, 12, '2026-03-06 17:58:30');
INSERT INTO `system_role_permission_template` VALUES (76, 4, 13, '2026-03-06 17:58:30');
INSERT INTO `system_role_permission_template` VALUES (77, 3, 1, '2026-03-06 17:58:54');
INSERT INTO `system_role_permission_template` VALUES (78, 3, 2, '2026-03-06 17:58:54');
INSERT INTO `system_role_permission_template` VALUES (79, 3, 3, '2026-03-06 17:58:54');
INSERT INTO `system_role_permission_template` VALUES (90, 7, 1, '2026-03-07 10:58:18');
INSERT INTO `system_role_permission_template` VALUES (132, 5, 8, '2026-03-11 12:38:08');
INSERT INTO `system_role_permission_template` VALUES (133, 5, 9, '2026-03-11 12:38:08');
INSERT INTO `system_role_permission_template` VALUES (134, 5, 10, '2026-03-11 12:38:08');
INSERT INTO `system_role_permission_template` VALUES (135, 5, 11, '2026-03-11 12:38:08');
INSERT INTO `system_role_permission_template` VALUES (136, 5, 12, '2026-03-11 12:38:08');
INSERT INTO `system_role_permission_template` VALUES (137, 5, 13, '2026-03-11 12:38:08');
INSERT INTO `system_role_permission_template` VALUES (138, 5, 14, '2026-03-11 12:38:08');
INSERT INTO `system_role_permission_template` VALUES (139, 5, 15, '2026-03-11 12:38:08');
INSERT INTO `system_role_permission_template` VALUES (140, 5, 16, '2026-03-11 12:38:08');
INSERT INTO `system_role_permission_template` VALUES (141, 5, 18, '2026-03-11 12:38:08');
INSERT INTO `system_role_permission_template` VALUES (142, 5, 20, '2026-03-11 12:38:08');
INSERT INTO `system_role_permission_template` VALUES (223, 1, 1, '2026-03-14 01:11:02');
INSERT INTO `system_role_permission_template` VALUES (224, 1, 2, '2026-03-14 01:11:02');
INSERT INTO `system_role_permission_template` VALUES (225, 1, 3, '2026-03-14 01:11:02');
INSERT INTO `system_role_permission_template` VALUES (226, 1, 22, '2026-03-14 01:11:02');
INSERT INTO `system_role_permission_template` VALUES (227, 1, 30, '2026-03-14 01:11:02');
INSERT INTO `system_role_permission_template` VALUES (228, 1, 31, '2026-03-14 01:11:02');
INSERT INTO `system_role_permission_template` VALUES (229, 1, 23, '2026-03-14 01:11:02');
INSERT INTO `system_role_permission_template` VALUES (230, 1, 32, '2026-03-14 01:11:02');
INSERT INTO `system_role_permission_template` VALUES (231, 1, 33, '2026-03-14 01:11:02');
INSERT INTO `system_role_permission_template` VALUES (232, 1, 4, '2026-03-14 01:11:02');
INSERT INTO `system_role_permission_template` VALUES (233, 1, 5, '2026-03-14 01:11:02');
INSERT INTO `system_role_permission_template` VALUES (234, 1, 6, '2026-03-14 01:11:02');
INSERT INTO `system_role_permission_template` VALUES (235, 1, 7, '2026-03-14 01:11:02');
INSERT INTO `system_role_permission_template` VALUES (236, 1, 8, '2026-03-14 01:11:02');
INSERT INTO `system_role_permission_template` VALUES (237, 1, 9, '2026-03-14 01:11:02');
INSERT INTO `system_role_permission_template` VALUES (238, 1, 10, '2026-03-14 01:11:02');
INSERT INTO `system_role_permission_template` VALUES (239, 1, 11, '2026-03-14 01:11:02');
INSERT INTO `system_role_permission_template` VALUES (240, 1, 12, '2026-03-14 01:11:02');
INSERT INTO `system_role_permission_template` VALUES (241, 1, 13, '2026-03-14 01:11:02');
INSERT INTO `system_role_permission_template` VALUES (242, 1, 14, '2026-03-14 01:11:02');
INSERT INTO `system_role_permission_template` VALUES (243, 1, 15, '2026-03-14 01:11:02');
INSERT INTO `system_role_permission_template` VALUES (244, 1, 16, '2026-03-14 01:11:02');
INSERT INTO `system_role_permission_template` VALUES (245, 1, 17, '2026-03-14 01:11:02');
INSERT INTO `system_role_permission_template` VALUES (246, 1, 18, '2026-03-14 01:11:02');
INSERT INTO `system_role_permission_template` VALUES (247, 1, 20, '2026-03-14 01:11:02');
INSERT INTO `system_role_permission_template` VALUES (248, 1, 21, '2026-03-14 01:11:02');
INSERT INTO `system_role_permission_template` VALUES (249, 1, 19, '2026-03-14 01:11:02');

-- ----------------------------
-- Table structure for system_roles
-- ----------------------------
DROP TABLE IF EXISTS `system_roles`;
CREATE TABLE `system_roles`  (
  `id` bigint UNSIGNED NOT NULL AUTO_INCREMENT COMMENT 'è§’è‰²ID',
  `name` varchar(50) CHARACTER SET utf8mb4 COLLATE utf8mb4_unicode_ci NOT NULL COMMENT 'è§’è‰²هگچç§°',
  `description` varchar(200) CHARACTER SET utf8mb4 COLLATE utf8mb4_unicode_ci NULL DEFAULT NULL COMMENT 'è§’è‰²وڈڈè؟°',
  `status` tinyint NOT NULL DEFAULT 1 COMMENT 'çٹ¶و€پï¼ڑ1=هگ¯ç”¨ï¼Œ0=ç¦پç”¨',
  `created_at` datetime NOT NULL DEFAULT CURRENT_TIMESTAMP COMMENT 'هˆ›ه»؛و—¶é—´',
  `updated_at` datetime NOT NULL DEFAULT CURRENT_TIMESTAMP ON UPDATE CURRENT_TIMESTAMP COMMENT 'و›´و–°و—¶é—´',
  PRIMARY KEY (`id`) USING BTREE,
  UNIQUE INDEX `uk_name`(`name` ASC) USING BTREE,
  INDEX `idx_status`(`status` ASC) USING BTREE
) ENGINE = InnoDB AUTO_INCREMENT = 8 CHARACTER SET = utf8mb4 COLLATE = utf8mb4_unicode_ci COMMENT = 'هگژهڈ°ç®،çگ†è§’è‰²è،¨' ROW_FORMAT = DYNAMIC;

-- ----------------------------
-- Records of system_roles
-- ----------------------------
INSERT INTO `system_roles` VALUES (1, 'è¶…ç؛§ç®،çگ†ه‘ک', 'و‹¥وœ‰وœ€é«کو‌ƒé™گ', 1, '2026-03-06 15:03:35', '2026-03-06 15:03:35');
INSERT INTO `system_roles` VALUES (2, 'ç®،çگ†ه‘ک', 'و‹¥وœ‰ه¤§éƒ¨هˆ†ç®،çگ†و‌ƒé™گ', 1, '2026-03-06 15:03:35', '2026-03-06 15:03:35');
INSERT INTO `system_roles` VALUES (3, 'è؟گèگ¥', 'ç³»ç»ںè؟گç»´و‌ƒé™گ', 1, '2026-03-06 15:03:35', '2026-03-06 17:56:48');
INSERT INTO `system_roles` VALUES (4, 'è´¢هٹ،', 'è´¢هٹ،ç®،çگ†و‌ƒé™گ', 1, '2026-03-06 15:03:35', '2026-03-06 15:03:35');
INSERT INTO `system_roles` VALUES (5, 'ه®¢وœچ', 'ه®¢وˆ·وœچهٹ،و‌ƒé™گ', 1, '2026-03-06 15:03:35', '2026-03-06 15:03:35');
INSERT INTO `system_roles` VALUES (7, 'ه®،è®،', 'ç»™وٹ•èµ„و–¹م€پè‚،ن¸œوں¥çœ‹ه¹³هڈ°وµپو°´', 1, '2026-03-06 18:15:28', '2026-03-06 18:15:28');

-- ----------------------------
-- Table structure for system_users
-- ----------------------------
DROP TABLE IF EXISTS `system_users`;
CREATE TABLE `system_users`  (
  `id` bigint UNSIGNED NOT NULL AUTO_INCREMENT COMMENT 'ç”¨وˆ·ID',
  `username` varchar(32) CHARACTER SET utf8mb4 COLLATE utf8mb4_unicode_ci NOT NULL COMMENT 'ç”¨وˆ·هگچ',
  `password_hash` varchar(255) CHARACTER SET utf8mb4 COLLATE utf8mb4_unicode_ci NOT NULL COMMENT 'ه¯†ç په“ˆه¸Œ',
  `email` varchar(128) CHARACTER SET utf8mb4 COLLATE utf8mb4_unicode_ci NULL DEFAULT NULL COMMENT 'é‚®ç®±',
  `phone` varchar(20) CHARACTER SET utf8mb4 COLLATE utf8mb4_unicode_ci NULL DEFAULT NULL COMMENT 'و‰‹وœ؛هڈ·',
  `role_id` bigint UNSIGNED NOT NULL COMMENT 'è§’è‰²ID',
  `token` varchar(512) CHARACTER SET utf8mb4 COLLATE utf8mb4_unicode_ci NULL DEFAULT NULL COMMENT 'ه½“ه‰چوœ‰و•ˆToken',
  `token_expired_at` datetime NULL DEFAULT NULL COMMENT 'Tokenè؟‡وœںو—¶é—´',
  `status` tinyint NOT NULL DEFAULT 1 COMMENT 'çٹ¶و€پï¼ڑ1=و­£ه¸¸ï¼Œ0=ç¦پç”¨',
  `last_login_at` datetime NULL DEFAULT NULL COMMENT 'وœ€هگژç™»ه½•و—¶é—´',
  `created_at` datetime NOT NULL DEFAULT CURRENT_TIMESTAMP COMMENT 'هˆ›ه»؛و—¶é—´',
  `updated_at` datetime NOT NULL DEFAULT CURRENT_TIMESTAMP ON UPDATE CURRENT_TIMESTAMP COMMENT 'و›´و–°و—¶é—´',
  PRIMARY KEY (`id`) USING BTREE,
  UNIQUE INDEX `uk_username`(`username` ASC) USING BTREE,
  INDEX `idx_role_id`(`role_id` ASC) USING BTREE,
  INDEX `idx_status`(`status` ASC) USING BTREE
) ENGINE = InnoDB AUTO_INCREMENT = 8 CHARACTER SET = utf8mb4 COLLATE = utf8mb4_unicode_ci COMMENT = 'هگژهڈ°ç®،çگ†ç”¨وˆ·è،¨' ROW_FORMAT = DYNAMIC;

-- ----------------------------
-- Records of system_users
-- ----------------------------
INSERT INTO `system_users` VALUES (1, 'task', '767a5ecfa4c238cfe5757ca396edff54', 'admin@example.com', '13800138000', 1, 'eyJ1c2VyX2lkIjoxLCJ0eXBlIjozLCJleHAiOjE3NzQyNDM4MzR9', '2026-03-23 13:30:34', 1, '2026-03-16 13:30:34', '2026-03-06 15:32:33', '2026-03-16 13:30:34');
INSERT INTO `system_users` VALUES (2, 'kefu', '2569d419bfea999ff13fd1f7f4498b89', 'kefu@qq.com', '15900000000', 5, '96e5c379ab22bc8165c9e5ccc37262ac', '2026-03-07 10:17:08', 1, '2026-03-06 18:17:08', '2026-03-06 18:09:15', '2026-03-11 12:31:19');
INSERT INTO `system_users` VALUES (3, 'shenji', 'e99a18c428cb38d5f260853678922e03', '', '15900000001', 7, '54de1ef7302bae1f7259845cef6d2ff8', '2026-03-07 22:51:52', 1, '2026-03-06 22:51:52', '2026-03-06 18:16:16', '2026-03-06 22:51:52');
INSERT INTO `system_users` VALUES (5, 'xiaoya', '2569d419bfea999ff13fd1f7f4498b89', '', '13049610316', 5, 'eyJ1c2VyX2lkIjo1LCJ0eXBlIjozLCJleHAiOjE3NzQ0MjUzNjd9', '2026-03-25 15:56:07', 1, '2026-03-18 15:56:07', '2026-03-11 12:37:27', '2026-03-18 15:56:07');
INSERT INTO `system_users` VALUES (6, 'taskadmin', '767a5ecfa4c238cfe5757ca396edff54', NULL, '', 1, 'eyJ1c2VyX2lkIjo2LCJ0eXBlIjozLCJleHAiOjE3NzQyNjQxMjV9', '2026-03-23 19:08:45', 1, '2026-03-16 19:08:45', '2026-03-15 17:03:04', '2026-03-16 19:08:45');
INSERT INTO `system_users` VALUES (7, 'taskdong', '9a361ed860ec2617da5af72079594a21', NULL, '', 7, 'eyJ1c2VyX2lkIjo3LCJ0eXBlIjozLCJleHAiOjE3NzQxNzc3NTl9', '2026-03-22 19:09:19', 1, '2026-03-15 19:09:19', '2026-03-15 19:08:23', '2026-03-15 19:09:19');

-- ----------------------------
-- Table structure for task_templates
-- ----------------------------
DROP TABLE IF EXISTS `task_templates`;
CREATE TABLE `task_templates`  (
  `id` int UNSIGNED NOT NULL AUTO_INCREMENT COMMENT 'و¨،و‌؟ID',
  `type` tinyint NOT NULL DEFAULT 0 COMMENT 'ن»»هٹ،ç±»ه‍‹ï¼ڑ0=هچ•ن»»هٹ،ï¼Œ1=ç»„هگˆن»»هٹ،',
  `title` varchar(200) CHARACTER SET utf8mb4 COLLATE utf8mb4_unicode_ci NOT NULL COMMENT 'ن»»هٹ،و ‡é¢ک',
  `price` decimal(18, 2) NOT NULL DEFAULT 0.00 COMMENT 'هچ•ن»·ï¼ˆه…ƒï¼Œهچ•ن»»هٹ،ç”¨ï¼‰',
  `description1` text CHARACTER SET utf8mb4 COLLATE utf8mb4_unicode_ci NULL COMMENT 'وڈڈè؟°ن؟،وپ¯1',
  `description2` text CHARACTER SET utf8mb4 COLLATE utf8mb4_unicode_ci NULL COMMENT 'وڈڈè؟°ن؟،وپ¯2',
  `stage1_title` varchar(200) CHARACTER SET utf8mb4 COLLATE utf8mb4_unicode_ci NULL DEFAULT NULL COMMENT 'éک¶و®µ1و ‡é¢کï¼ˆç»„هگˆن»»هٹ،ç”¨ï¼‰',
  `stage1_price` decimal(18, 2) NULL DEFAULT NULL COMMENT 'éک¶و®µ1هچ•ن»·ï¼ˆç»„هگˆن»»هٹ،ç”¨ï¼‰',
  `stage2_title` varchar(200) CHARACTER SET utf8mb4 COLLATE utf8mb4_unicode_ci NULL DEFAULT NULL COMMENT 'éک¶و®µ2و ‡é¢کï¼ˆç»„هگˆن»»هٹ،ç”¨ï¼‰',
  `stage2_price` decimal(18, 2) NULL DEFAULT NULL COMMENT 'éک¶و®µ2هچ•ن»·ï¼ˆç»„هگˆن»»هٹ،ç”¨ï¼‰',
  `default_stage1_count` int NULL DEFAULT 1 COMMENT 'é»کè®¤éک¶و®µ1و•°é‡ڈï¼ˆç»„هگˆن»»هٹ،ç”¨ï¼‰',
  `default_stage2_count` int NULL DEFAULT 3 COMMENT 'é»کè®¤éک¶و®µ2و•°é‡ڈï¼ˆç»„هگˆن»»هٹ،ç”¨ï¼‰',
  `c_user_commission` int NOT NULL DEFAULT 0 COMMENT 'و™®é€ڑç”¨وˆ·ن½£é‡‘ï¼ˆهˆ†ï¼‰',
  `agent_commission` int NOT NULL DEFAULT 0 COMMENT 'و™®é€ڑه›¢é•؟ن½£é‡‘ï¼ˆهˆ†ï¼‰',
  `senior_agent_commission` int NOT NULL DEFAULT 0 COMMENT 'é«کç؛§ه›¢é•؟ن½£é‡‘ï¼ˆهˆ†ï¼‰',
  `stage1_c_user_commission` int NULL DEFAULT NULL COMMENT 'ç»„هگˆن»»هٹ،éک¶و®µ1-و™®é€ڑç”¨وˆ·ن½£é‡‘ï¼ˆهˆ†ï¼‰',
  `stage1_agent_commission` int NULL DEFAULT NULL COMMENT 'ç»„هگˆن»»هٹ،éک¶و®µ1-و™®é€ڑه›¢é•؟ن½£é‡‘ï¼ˆهˆ†ï¼‰',
  `stage1_senior_agent_commission` int NULL DEFAULT NULL COMMENT 'ç»„هگˆن»»هٹ،éک¶و®µ1-é«کç؛§ه›¢é•؟ن½£é‡‘ï¼ˆهˆ†ï¼‰',
  `stage2_c_user_commission` int NULL DEFAULT NULL COMMENT 'ç»„هگˆن»»هٹ،éک¶و®µ2-و™®é€ڑç”¨وˆ·ن½£é‡‘ï¼ˆهˆ†ï¼‰',
  `stage2_agent_commission` int NULL DEFAULT NULL COMMENT 'ç»„هگˆن»»هٹ،éک¶و®µ2-و™®é€ڑه›¢é•؟ن½£é‡‘ï¼ˆهˆ†ï¼‰',
  `stage2_senior_agent_commission` int NULL DEFAULT NULL COMMENT 'ç»„هگˆن»»هٹ،éک¶و®µ2-é«کç؛§ه›¢é•؟ن½£é‡‘ï¼ˆهˆ†ï¼‰',
  `status` tinyint NOT NULL DEFAULT 1 COMMENT 'çٹ¶و€پï¼ڑ1=هگ¯ç”¨ï¼Œ0=ç¦پç”¨',
  `created_at` datetime NOT NULL DEFAULT CURRENT_TIMESTAMP COMMENT 'هˆ›ه»؛و—¶é—´',
  PRIMARY KEY (`id`) USING BTREE,
  INDEX `idx_type`(`type` ASC) USING BTREE,
  INDEX `idx_status`(`status` ASC) USING BTREE
) ENGINE = InnoDB AUTO_INCREMENT = 7 CHARACTER SET = utf8mb4 COLLATE = utf8mb4_unicode_ci COMMENT = 'ن»»هٹ،و¨،و‌؟è،¨-ه¹³هڈ°é…چç½®' ROW_FORMAT = Dynamic;

-- ----------------------------
-- Records of task_templates
-- ----------------------------
INSERT INTO `task_templates` VALUES (1, 0, 'ن¸ٹè¯„è¯„è®؛', 3.00, 'هڈ‘ه¸ƒن¸ٹè¯„è¯„è®؛', 'هڈ¯ه¸¦ه›¾هڈ‘è¯„è®؛ï¼Œن¸€و¬،وœ€ه¤ڑ10و‌،', NULL, NULL, NULL, NULL, 1, 3, 100, 50, 50, NULL, NULL, NULL, NULL, NULL, NULL, 1, '2026-02-15 14:51:45');
INSERT INTO `task_templates` VALUES (2, 0, 'ن¸­è¯„è¯„è®؛', 2.00, 'هڈ‘ه¸ƒن¸­è¯„è¯„è®؛', 'هڈ¯ه¸¦ه›¾هڈ‘è¯„è®؛ï¼Œو— و¬،و•°é™گهˆ¶', NULL, NULL, NULL, NULL, 3, 3, 80, 30, 30, NULL, NULL, NULL, NULL, NULL, NULL, 1, '2026-02-15 14:51:45');
INSERT INTO `task_templates` VALUES (3, 0, 'و”¾ه¤§é•œوگœç´¢è¯چ', 5.00, 'وٹ–éں³ه¹³هڈ°è§„هˆ™é—®é¢کï¼Œوœ¬ن؛§ه“په±‍ن؛ژو¦‚çژ‡ه‡؛çژ°è“‌è¯چï¼Œوگœç´¢è¯چوگœç´¢و¬،و•°ه°±è¶ٹه¤ڑï¼Œه‡؛çژ°و¦‚çژ‡è¶ٹه¤§', '', NULL, NULL, NULL, NULL, NULL, NULL, 0, 0, 0, NULL, NULL, NULL, NULL, NULL, NULL, 1, '2026-02-15 14:51:45');
INSERT INTO `task_templates` VALUES (4, 1, 'ن¸ٹن¸­è¯„è¯„è®؛', 9.00, 'ç»„هگˆè¯„è®؛ï¼ڑن¸ٹè¯„+ن¸­è¯„(1+3)', 'هڈ¯ه¸¦ه›¾هڈ‘è¯„è®؛ï¼Œن¸­è¯„و— و¬،و•°é™گهˆ¶', 'ن¸ٹè¯„è¯„è®؛', 3.00, 'ن¸­è¯„ه›‍ه¤چ', 2.00, 1, 3, 100, 50, 50, 100, 50, 50, 80, 30, 30, 1, '2026-02-15 14:51:45');
INSERT INTO `task_templates` VALUES (5, 1, 'ن¸­ن¸‹è¯„è¯„è®؛', 6.00, 'ç»„هگˆè¯„è®؛ï¼ڑن¸­è¯„+ن¸‹è¯„(1+1)', 'هڈ¯ه¸¦ه›¾هڈ‘è¯„è®؛ï¼Œن¸‹è¯„و— و¬،و•°é™گهˆ¶', 'ن¸­è¯„è¯„è®؛', 3.00, 'ن¸‹è¯„ه›‍ه¤چ', 3.00, 1, 1, 0, 0, 0, 130, 45, 43, 130, 45, 45, 1, '2026-02-15 14:51:45');
INSERT INTO `task_templates` VALUES (6, 1, 'ن¸­ن¸‹è¯„ه؟«وچ·و´¾هچ•', 6.00, 'ه؟«وچ·و´¾هچ•ï¼ڑن¸­è¯„+ن¸‹è¯„(1+1)ï¼Œن¸‹è¯„ه¸¦@', '-', 'ن¸­è¯„è¯„è®؛', 3.00, 'ن¸‹è¯„è¯„è®؛', 3.00, 1, 1, 0, 0, 0, 130, 45, 43, 130, 45, 45, 1, '2026-03-21 10:29:58');

-- ----------------------------
-- Table structure for team_revenue_statistics_breakdown
-- ----------------------------
DROP TABLE IF EXISTS `team_revenue_statistics_breakdown`;
CREATE TABLE `team_revenue_statistics_breakdown`  (
  `id` bigint UNSIGNED NOT NULL AUTO_INCREMENT COMMENT 'è®°ه½•ID',
  `agent_id` bigint UNSIGNED NOT NULL COMMENT 'ن»£çگ†ç”¨وˆ·IDï¼ˆèژ·ه¾—ه›¢éکںو”¶ç›ٹçڑ„ن؛؛ï¼‰',
  `agent_username` varchar(32) CHARACTER SET utf8mb4 COLLATE utf8mb4_unicode_ci NOT NULL COMMENT 'ن»£çگ†ç”¨وˆ·هگچ',
  `agent_level` tinyint NOT NULL COMMENT 'ن»£çگ†ه±‚ç؛§ï¼ڑ1=ن¸€ç؛§ن¸‹ç؛؟ï¼ˆç›´وژ¥é‚€è¯·ï¼‰ï¼Œ2=ن؛Œç؛§ن¸‹ç؛؟ï¼ˆé—´وژ¥é‚€è¯·ï¼‰',
  `downline_user_id` bigint UNSIGNED NOT NULL COMMENT 'ن¸‹ç؛؟ç”¨وˆ·IDï¼ˆه®Œوˆگن»»هٹ،çڑ„ن؛؛ï¼‰',
  `downline_username` varchar(32) CHARACTER SET utf8mb4 COLLATE utf8mb4_unicode_ci NOT NULL COMMENT 'ن¸‹ç؛؟ç”¨وˆ·هگچ',
  `downline_user_amount` decimal(10, 2) NOT NULL COMMENT 'ن¸‹ç؛؟ه®Œوˆگن»»هٹ،èژ·ه¾—çڑ„é‡‘é¢‌',
  `team_revenue_amount` decimal(10, 2) NOT NULL COMMENT 'وœ¬و¬،هڈ‘و”¾ç»™ن»£çگ†çڑ„ه›¢éکںو”¶ç›ٹé‡‘é¢‌',
  `agent_before_amount` decimal(10, 2) NOT NULL DEFAULT 0.00 COMMENT 'هڈکو›´ه‰چن»£çگ†ه›¢éکںو”¶ç›ٹو€»é¢‌',
  `agent_after_amount` decimal(10, 2) NOT NULL COMMENT 'هڈکو›´هگژن»£çگ†ه›¢éکںو”¶ç›ٹو€»é¢‌',
  `related_id` varchar(64) CHARACTER SET utf8mb4 COLLATE utf8mb4_unicode_ci NOT NULL COMMENT 'ه…³èپ”IDï¼ˆن»»هٹ،IDوˆ–è®¢هچ•IDï¼‰',
  `revenue_source` tinyint NOT NULL COMMENT 'و”¶ç›ٹو‌¥و؛گï¼ڑ1=ن»»هٹ،و”¶ç›ٹï¼Œ2=è´¦هڈ·ه‡؛ç§ںو”¶ç›ٹ',
  `revenue_source_text` varchar(50) CHARACTER SET utf8mb4 COLLATE utf8mb4_unicode_ci NOT NULL COMMENT 'و”¶ç›ٹو‌¥و؛گو–‡وœ¬',
  `task_type` tinyint NULL DEFAULT NULL COMMENT 'ن»»هٹ،ç±»ه‍‹ï¼ˆو‌¥و؛گن¸؛ن»»هٹ،و—¶وœ‰و•ˆï¼‰',
  `task_type_text` varchar(50) CHARACTER SET utf8mb4 COLLATE utf8mb4_unicode_ci NULL DEFAULT NULL COMMENT 'ن»»هٹ،ç±»ه‍‹و–‡وœ¬',
  `task_stage` tinyint NULL DEFAULT NULL COMMENT 'ن»»هٹ،éک¶و®µï¼ˆو‌¥و؛گن¸؛ن»»هٹ،و—¶وœ‰و•ˆï¼‰',
  `task_stage_text` varchar(50) CHARACTER SET utf8mb4 COLLATE utf8mb4_unicode_ci NULL DEFAULT NULL COMMENT 'ن»»هٹ،éک¶و®µو–‡وœ¬',
  `order_type` tinyint NULL DEFAULT NULL COMMENT 'è®¢هچ•ç±»ه‍‹ï¼ڑ1=ه‡؛ç§ںè®¢هچ•ï¼Œ2=و±‚ç§ںè®¢هچ•ï¼ˆو‌¥و؛گن¸؛è®¢هچ•و—¶وœ‰و•ˆï¼‰',
  `order_type_text` varchar(50) CHARACTER SET utf8mb4 COLLATE utf8mb4_unicode_ci NULL DEFAULT NULL COMMENT 'è®¢هچ•ç±»ه‍‹و–‡وœ¬',
  `created_at` datetime NOT NULL DEFAULT CURRENT_TIMESTAMP COMMENT 'هˆ›ه»؛و—¶é—´',
  PRIMARY KEY (`id`) USING BTREE,
  INDEX `idx_agent_id`(`agent_id` ASC) USING BTREE,
  INDEX `idx_agent_level`(`agent_level` ASC) USING BTREE,
  INDEX `idx_downline_user_id`(`downline_user_id` ASC) USING BTREE,
  INDEX `idx_related_id`(`related_id` ASC) USING BTREE,
  INDEX `idx_revenue_source`(`revenue_source` ASC) USING BTREE,
  INDEX `idx_created_at`(`created_at` ASC) USING BTREE,
  INDEX `idx_agent_id_level`(`agent_id` ASC, `agent_level` ASC) USING BTREE COMMENT 'ه¤چهگˆç´¢ه¼•ï¼Œن¼کهŒ–وŒ‰ن»£çگ†ه’Œه±‚ç؛§وں¥è¯¢'
) ENGINE = InnoDB AUTO_INCREMENT = 47 CHARACTER SET = utf8mb4 COLLATE = utf8mb4_unicode_ci COMMENT = 'ه›¢éکںو”¶ç›ٹوکژç»†è،¨' ROW_FORMAT = DYNAMIC;

-- ----------------------------
-- Records of team_revenue_statistics_breakdown
-- ----------------------------

-- ----------------------------
-- Table structure for team_revenue_statistics_summary
-- ----------------------------
DROP TABLE IF EXISTS `team_revenue_statistics_summary`;
CREATE TABLE `team_revenue_statistics_summary`  (
  `id` bigint UNSIGNED NOT NULL AUTO_INCREMENT COMMENT 'è®°ه½•ID',
  `user_id` bigint UNSIGNED NOT NULL COMMENT 'ç”¨وˆ·IDï¼ˆن»£çگ†ï¼‰',
  `username` varchar(32) CHARACTER SET utf8mb4 COLLATE utf8mb4_unicode_ci NOT NULL COMMENT 'ç”¨وˆ·هگچ',
  `total_team_revenue` decimal(10, 2) NOT NULL DEFAULT 0.00 COMMENT 'و€»ه›¢éکںو”¶ç›ٹ',
  `level1_team_revenue` decimal(10, 2) NOT NULL DEFAULT 0.00 COMMENT 'ن¸€ç؛§ن¸‹ç؛؟è´،çŒ®و”¶ç›ٹï¼ˆagent_level=1ï¼‰',
  `level2_team_revenue` decimal(10, 2) NOT NULL DEFAULT 0.00 COMMENT 'ن؛Œç؛§ن¸‹ç؛؟è´،çŒ®و”¶ç›ٹï¼ˆagent_level=2ï¼‰',
  `level1_downline_count` int NOT NULL DEFAULT 0 COMMENT 'ن¸€ç؛§ن¸‹ç؛؟ن؛؛و•°ï¼ˆç›´وژ¥é‚€è¯·ï¼‰',
  `level2_downline_count` int NOT NULL DEFAULT 0 COMMENT 'ن؛Œç؛§ن¸‹ç؛؟ن؛؛و•°ï¼ˆé—´وژ¥é‚€è¯·ï¼‰',
  `total_downline_count` int NOT NULL DEFAULT 0 COMMENT 'و€»ن¸‹ç؛؟ن؛؛و•°ï¼ˆهژ»é‡چï¼‰',
  `level1_active_count` int NOT NULL DEFAULT 0 COMMENT 'و´»è·ƒن¸€ç؛§ن¸‹ç؛؟ن؛؛و•°',
  `level2_active_count` int NOT NULL DEFAULT 0 COMMENT 'و´»è·ƒن؛Œç؛§ن¸‹ç؛؟ن؛؛و•°',
  `total_active_count` int NOT NULL DEFAULT 0 COMMENT 'و€»و´»è·ƒن¸‹ç؛؟ن؛؛و•°',
  `task_revenue_count` int NOT NULL DEFAULT 0 COMMENT 'ن»»هٹ،و”¶ç›ٹç¬”و•°',
  `order_revenue_count` int NOT NULL DEFAULT 0 COMMENT 'è®¢هچ•و”¶ç›ٹç¬”و•°',
  `task_revenue_amount` decimal(10, 2) NOT NULL DEFAULT 0.00 COMMENT 'ن»»هٹ،و”¶ç›ٹو€»é¢‌',
  `order_revenue_amount` decimal(10, 2) NOT NULL DEFAULT 0.00 COMMENT 'è®¢هچ•و”¶ç›ٹو€»é¢‌',
  `level1_revenue_count` int NOT NULL DEFAULT 0 COMMENT 'ن¸€ç؛§ن¸‹ç؛؟و”¶ç›ٹç¬”و•°',
  `level2_revenue_count` int NOT NULL DEFAULT 0 COMMENT 'ن؛Œç؛§ن¸‹ç؛؟و”¶ç›ٹç¬”و•°',
  `last_revenue_time` datetime NULL DEFAULT NULL COMMENT 'وœ€هگژو”¶ç›ٹو—¶é—´',
  `last_level1_revenue_time` datetime NULL DEFAULT NULL COMMENT 'وœ€هگژن¸€ç؛§ن¸‹ç؛؟و”¶ç›ٹو—¶é—´',
  `last_level2_revenue_time` datetime NULL DEFAULT NULL COMMENT 'وœ€هگژن؛Œç؛§ن¸‹ç؛؟و”¶ç›ٹو—¶é—´',
  `updated_at` datetime NOT NULL DEFAULT CURRENT_TIMESTAMP ON UPDATE CURRENT_TIMESTAMP COMMENT 'و›´و–°و—¶é—´',
  PRIMARY KEY (`id`) USING BTREE,
  UNIQUE INDEX `uk_user_id`(`user_id` ASC) USING BTREE,
  INDEX `idx_total_team_revenue`(`total_team_revenue` ASC) USING BTREE,
  INDEX `idx_level1_revenue`(`level1_team_revenue` ASC) USING BTREE,
  INDEX `idx_level2_revenue`(`level2_team_revenue` ASC) USING BTREE
) ENGINE = InnoDB AUTO_INCREMENT = 23 CHARACTER SET = utf8mb4 COLLATE = utf8mb4_unicode_ci COMMENT = 'ه›¢éکںو”¶ç›ٹو±‡و€»è،¨' ROW_FORMAT = DYNAMIC;

-- ----------------------------
-- Records of team_revenue_statistics_summary
-- ----------------------------

-- ----------------------------
-- Table structure for termination_rental_orders
-- ----------------------------
DROP TABLE IF EXISTS `termination_rental_orders`;
CREATE TABLE `termination_rental_orders`  (
  `id` bigint UNSIGNED NOT NULL AUTO_INCREMENT COMMENT 'ç»ˆو­¢è®¢هچ•ID',
  `rental_order_id` bigint UNSIGNED NOT NULL COMMENT 'هژںç§ںèµپè®¢هچ•ID',
  `termination_type` tinyint NOT NULL COMMENT 'ç»ˆو­¢ç±»ه‍‹ï¼ڑ1=ç»ˆو­¢ç§ںèµپن¸چé€€و¬¾ï¼Œ2=ç»ˆو­¢ç§ںèµپه¹¶é€€و¬¾',
  `buyer_user_id` bigint UNSIGNED NOT NULL COMMENT 'ن¹°و–¹ï¼ˆç§ںç”¨و–¹ï¼‰ç”¨وˆ·ID',
  `buyer_user_type` varchar(10) CHARACTER SET utf8mb4 COLLATE utf8mb4_unicode_ci NOT NULL COMMENT 'ن¹°و–¹ç±»ه‍‹ï¼ڑb=Bç«¯ï¼Œc=Cç«¯',
  `seller_user_id` bigint UNSIGNED NOT NULL COMMENT 'هچ–و–¹ï¼ˆه‡؛ç§ںو–¹ï¼‰ç”¨وˆ·ID',
  `seller_user_type` varchar(10) CHARACTER SET utf8mb4 COLLATE utf8mb4_unicode_ci NOT NULL COMMENT 'هچ–و–¹ç±»ه‍‹ï¼ڑb=Bç«¯ï¼Œc=Cç«¯',
  `total_amount` bigint NOT NULL COMMENT 'è®¢هچ•و€»é‡‘é¢‌ï¼ˆهچ•ن½چï¼ڑهˆ†ï¼‰',
  `refund_amount` bigint NOT NULL DEFAULT 0 COMMENT 'é€€و¬¾é‡‘é¢‌ï¼ˆهچ•ن½چï¼ڑهˆ†ï¼‰',
  `seller_amount` bigint NOT NULL DEFAULT 0 COMMENT 'هچ–و–¹ه®‍ه¾—é‡‘é¢‌ï¼ˆهچ•ن½چï¼ڑهˆ†ï¼‰',
  `rented_days` int UNSIGNED NOT NULL DEFAULT 0 COMMENT 'ه·²ç§ںèµپه¤©و•°',
  `remaining_days` int UNSIGNED NOT NULL DEFAULT 0 COMMENT 'ه‰©ن½™ه¤©و•°',
  `terminated_at` datetime NOT NULL COMMENT 'ç»ˆو­¢و—¶é—´',
  `admin_user_id` bigint UNSIGNED NULL DEFAULT NULL COMMENT 'و“چن½œç®،çگ†ه‘کID',
  `order_json` json NULL COMMENT 'è®¢هچ•é¢‌ه¤–و•°وچ®ï¼ˆن»·و ¼ه؟«ç…§ç­‰ï¼‰',
  `created_at` datetime NOT NULL DEFAULT CURRENT_TIMESTAMP COMMENT 'هˆ›ه»؛و—¶é—´',
  PRIMARY KEY (`id`) USING BTREE,
  INDEX `idx_rental_order_id`(`rental_order_id` ASC) USING BTREE,
  INDEX `idx_buyer`(`buyer_user_id` ASC, `buyer_user_type` ASC) USING BTREE,
  INDEX `idx_seller`(`seller_user_id` ASC, `seller_user_type` ASC) USING BTREE,
  INDEX `idx_terminated_at`(`terminated_at` ASC) USING BTREE
) ENGINE = InnoDB AUTO_INCREMENT = 1 CHARACTER SET = utf8mb4 COLLATE = utf8mb4_unicode_ci COMMENT = 'ç»ˆو­¢ç§ںèµپè®¢هچ•è،¨-è®°ه½•ç»ˆو­¢ç§ںèµپçڑ„ç›¸ه…³و•°وچ®' ROW_FORMAT = DYNAMIC;

-- ----------------------------
-- Records of termination_rental_orders
-- ----------------------------

-- ----------------------------
-- Table structure for user_notifications
-- ----------------------------
DROP TABLE IF EXISTS `user_notifications`;
CREATE TABLE `user_notifications`  (
  `id` bigint UNSIGNED NOT NULL AUTO_INCREMENT COMMENT 'è®°ه½•ID',
  `notification_id` bigint UNSIGNED NOT NULL COMMENT 'é€ڑçں¥ID',
  `user_id` bigint UNSIGNED NOT NULL COMMENT 'ç”¨وˆ·ID',
  `user_type` tinyint NOT NULL COMMENT 'ç”¨وˆ·ç±»ه‍‹ï¼ڑ1=Cç«¯ï¼Œ2=Bç«¯',
  `is_read` tinyint NOT NULL DEFAULT 0 COMMENT 'وک¯هگ¦ه·²è¯»ï¼ڑ0=وœھè¯»ï¼Œ1=ه·²è¯»',
  `read_at` datetime NULL DEFAULT NULL COMMENT 'éک…è¯»و—¶é—´',
  `created_at` datetime NOT NULL DEFAULT CURRENT_TIMESTAMP COMMENT 'وژ¥و”¶و—¶é—´',
  PRIMARY KEY (`id`) USING BTREE,
  UNIQUE INDEX `uk_notification_user`(`notification_id` ASC, `user_id` ASC, `user_type` ASC) USING BTREE,
  INDEX `idx_user`(`user_id` ASC, `user_type` ASC) USING BTREE,
  INDEX `idx_notification_id`(`notification_id` ASC) USING BTREE,
  INDEX `idx_is_read`(`is_read` ASC) USING BTREE,
  INDEX `idx_created_at`(`created_at` ASC) USING BTREE
) ENGINE = InnoDB AUTO_INCREMENT = 198 CHARACTER SET = utf8mb4 COLLATE = utf8mb4_unicode_ci COMMENT = 'ç”¨وˆ·é€ڑçں¥è،¨-و¯ڈن¸ھç”¨وˆ·و”¶هˆ°çڑ„é€ڑçں¥' ROW_FORMAT = Dynamic;

-- ----------------------------
-- Records of user_notifications
-- ----------------------------
INSERT INTO `user_notifications` VALUES (1, 1, 1, 2, 1, '2026-02-27 13:18:23', '2026-02-27 12:49:56');
INSERT INTO `user_notifications` VALUES (2, 2, 2, 2, 1, '2026-02-27 14:06:06', '2026-02-27 12:49:58');
INSERT INTO `user_notifications` VALUES (3, 3, 2, 2, 1, '2026-02-27 14:26:23', '2026-02-27 14:23:06');
INSERT INTO `user_notifications` VALUES (4, 4, 1, 2, 1, '2026-02-27 18:10:23', '2026-02-27 14:23:08');
INSERT INTO `user_notifications` VALUES (5, 5, 2, 2, 1, '2026-02-27 14:26:23', '2026-02-27 14:23:13');
INSERT INTO `user_notifications` VALUES (6, 6, 2, 2, 1, '2026-02-27 18:11:40', '2026-02-27 17:54:24');
INSERT INTO `user_notifications` VALUES (7, 7, 2, 1, 0, NULL, '2026-02-27 18:42:02');
INSERT INTO `user_notifications` VALUES (8, 8, 3, 1, 0, NULL, '2026-02-27 18:47:02');
INSERT INTO `user_notifications` VALUES (9, 9, 2, 2, 1, '2026-03-06 14:45:18', '2026-02-27 18:56:02');
INSERT INTO `user_notifications` VALUES (10, 10, 2, 2, 1, '2026-03-06 14:45:18', '2026-02-27 19:02:01');
INSERT INTO `user_notifications` VALUES (11, 11, 1, 2, 1, '2026-03-04 12:45:51', '2026-02-28 23:20:14');
INSERT INTO `user_notifications` VALUES (12, 12, 2, 2, 1, '2026-03-06 14:45:18', '2026-02-28 23:45:01');
INSERT INTO `user_notifications` VALUES (13, 13, 2, 2, 1, '2026-03-06 14:45:18', '2026-03-01 00:00:04');
INSERT INTO `user_notifications` VALUES (14, 14, 2, 1, 0, NULL, '2026-03-01 00:47:02');
INSERT INTO `user_notifications` VALUES (15, 15, 3, 2, 1, '2026-03-04 01:15:43', '2026-03-01 00:51:51');
INSERT INTO `user_notifications` VALUES (16, 16, 3, 2, 1, '2026-03-04 01:15:43', '2026-03-01 00:55:31');
INSERT INTO `user_notifications` VALUES (17, 17, 3, 2, 1, '2026-03-04 01:15:43', '2026-03-01 00:56:41');
INSERT INTO `user_notifications` VALUES (18, 18, 5, 1, 1, '2026-03-10 15:13:25', '2026-03-03 11:39:01');
INSERT INTO `user_notifications` VALUES (19, 19, 5, 1, 1, '2026-03-10 15:13:25', '2026-03-03 11:59:01');
INSERT INTO `user_notifications` VALUES (20, 20, 5, 1, 1, '2026-03-10 15:13:25', '2026-03-03 12:15:01');
INSERT INTO `user_notifications` VALUES (21, 21, 3, 2, 1, '2026-03-04 01:15:43', '2026-03-04 01:08:01');
INSERT INTO `user_notifications` VALUES (22, 22, 3, 2, 1, '2026-03-04 21:29:34', '2026-03-04 01:29:01');
INSERT INTO `user_notifications` VALUES (23, 23, 3, 2, 1, '2026-03-04 21:29:34', '2026-03-04 01:29:01');
INSERT INTO `user_notifications` VALUES (24, 24, 1, 2, 1, '2026-03-04 15:25:22', '2026-03-04 15:23:01');
INSERT INTO `user_notifications` VALUES (25, 25, 1, 2, 1, '2026-03-04 18:10:06', '2026-03-04 16:04:01');
INSERT INTO `user_notifications` VALUES (26, 26, 1, 2, 1, '2026-03-04 18:10:11', '2026-03-04 16:04:01');
INSERT INTO `user_notifications` VALUES (27, 27, 1, 2, 1, '2026-03-05 11:56:33', '2026-03-04 20:14:02');
INSERT INTO `user_notifications` VALUES (28, 28, 3, 2, 1, '2026-03-07 11:37:18', '2026-03-05 01:02:01');
INSERT INTO `user_notifications` VALUES (29, 29, 1, 2, 1, '2026-03-05 12:15:11', '2026-03-05 12:04:01');
INSERT INTO `user_notifications` VALUES (30, 30, 1, 2, 1, '2026-03-05 14:21:12', '2026-03-05 12:50:01');
INSERT INTO `user_notifications` VALUES (31, 31, 5, 1, 1, '2026-03-10 15:13:25', '2026-03-05 21:10:02');
INSERT INTO `user_notifications` VALUES (32, 32, 3, 2, 1, '2026-03-07 11:37:18', '2026-03-05 21:30:01');
INSERT INTO `user_notifications` VALUES (33, 33, 1, 2, 1, '2026-03-06 11:24:26', '2026-03-06 11:16:02');
INSERT INTO `user_notifications` VALUES (34, 34, 5, 1, 1, '2026-03-10 15:13:25', '2026-03-06 11:17:01');
INSERT INTO `user_notifications` VALUES (35, 35, 1, 2, 1, '2026-03-06 13:23:56', '2026-03-06 11:56:01');
INSERT INTO `user_notifications` VALUES (36, 36, 1, 2, 1, '2026-03-06 13:23:53', '2026-03-06 13:17:01');
INSERT INTO `user_notifications` VALUES (37, 37, 2, 2, 1, '2026-03-07 06:22:48', '2026-03-06 15:12:02');
INSERT INTO `user_notifications` VALUES (38, 38, 1, 2, 1, '2026-03-07 12:43:56', '2026-03-07 11:04:01');
INSERT INTO `user_notifications` VALUES (39, 39, 1, 2, 1, '2026-03-07 12:43:56', '2026-03-07 11:13:02');
INSERT INTO `user_notifications` VALUES (40, 40, 1, 2, 1, '2026-03-07 12:43:56', '2026-03-07 11:23:01');
INSERT INTO `user_notifications` VALUES (41, 41, 5, 2, 0, NULL, '2026-03-08 13:01:11');
INSERT INTO `user_notifications` VALUES (42, 42, 5, 1, 1, '2026-03-10 15:13:25', '2026-03-08 13:49:01');
INSERT INTO `user_notifications` VALUES (43, 43, 2, 2, 1, '2026-03-14 12:41:33', '2026-03-08 14:07:01');
INSERT INTO `user_notifications` VALUES (44, 44, 1, 2, 1, '2026-03-08 15:00:54', '2026-03-08 14:09:01');
INSERT INTO `user_notifications` VALUES (45, 45, 1, 2, 1, '2026-03-08 15:00:54', '2026-03-08 14:17:01');
INSERT INTO `user_notifications` VALUES (46, 46, 1, 2, 1, '2026-03-08 15:00:54', '2026-03-08 14:17:01');
INSERT INTO `user_notifications` VALUES (47, 47, 5, 2, 0, NULL, '2026-03-09 20:33:00');
INSERT INTO `user_notifications` VALUES (48, 48, 3, 2, 1, '2026-03-15 11:12:27', '2026-03-09 21:29:10');
INSERT INTO `user_notifications` VALUES (49, 49, 1, 2, 1, '2026-03-11 11:56:11', '2026-03-11 11:53:01');
INSERT INTO `user_notifications` VALUES (50, 50, 1, 2, 1, '2026-03-11 12:54:13', '2026-03-11 12:08:01');
INSERT INTO `user_notifications` VALUES (51, 51, 1, 2, 1, '2026-03-11 12:54:16', '2026-03-11 12:09:01');
INSERT INTO `user_notifications` VALUES (52, 52, 19, 1, 0, NULL, '2026-03-13 13:00:01');
INSERT INTO `user_notifications` VALUES (53, 53, 1, 2, 1, '2026-03-13 13:31:56', '2026-03-13 13:17:01');
INSERT INTO `user_notifications` VALUES (54, 54, 18, 1, 0, NULL, '2026-03-13 13:35:01');
INSERT INTO `user_notifications` VALUES (55, 55, 1, 2, 1, '2026-03-13 13:59:02', '2026-03-13 13:42:02');
INSERT INTO `user_notifications` VALUES (56, 56, 1, 2, 1, '2026-03-13 13:59:02', '2026-03-13 13:55:02');
INSERT INTO `user_notifications` VALUES (57, 57, 1, 2, 1, '2026-03-13 13:59:02', '2026-03-13 13:55:02');
INSERT INTO `user_notifications` VALUES (58, 58, 5, 1, 0, NULL, '2026-03-13 22:25:02');
INSERT INTO `user_notifications` VALUES (59, 59, 5, 1, 0, NULL, '2026-03-13 23:26:02');
INSERT INTO `user_notifications` VALUES (60, 60, 3, 2, 1, '2026-03-15 11:12:27', '2026-03-14 11:59:02');
INSERT INTO `user_notifications` VALUES (61, 61, 3, 2, 1, '2026-03-15 11:12:27', '2026-03-14 12:04:01');
INSERT INTO `user_notifications` VALUES (62, 62, 3, 2, 1, '2026-03-15 11:12:27', '2026-03-14 12:04:01');
INSERT INTO `user_notifications` VALUES (63, 63, 5, 1, 0, NULL, '2026-03-14 13:41:52');
INSERT INTO `user_notifications` VALUES (64, 64, 3, 2, 1, '2026-03-15 11:12:27', '2026-03-14 13:48:19');
INSERT INTO `user_notifications` VALUES (65, 65, 3, 2, 1, '2026-03-15 11:12:27', '2026-03-14 13:48:21');
INSERT INTO `user_notifications` VALUES (66, 66, 1, 2, 1, '2026-03-14 13:50:52', '2026-03-14 13:50:30');
INSERT INTO `user_notifications` VALUES (67, 67, 2, 2, 1, '2026-03-14 14:17:38', '2026-03-14 14:17:02');
INSERT INTO `user_notifications` VALUES (68, 68, 2, 2, 1, '2026-03-14 14:17:38', '2026-03-14 14:17:02');
INSERT INTO `user_notifications` VALUES (69, 69, 5, 1, 0, NULL, '2026-03-14 14:52:26');
INSERT INTO `user_notifications` VALUES (70, 70, 1, 2, 1, '2026-03-14 15:06:41', '2026-03-14 14:58:30');
INSERT INTO `user_notifications` VALUES (71, 71, 3, 2, 1, '2026-03-15 11:12:27', '2026-03-14 22:29:06');
INSERT INTO `user_notifications` VALUES (72, 72, 5, 1, 0, NULL, '2026-03-14 22:54:02');
INSERT INTO `user_notifications` VALUES (73, 73, 5, 1, 0, NULL, '2026-03-14 23:27:36');
INSERT INTO `user_notifications` VALUES (74, 74, 3, 2, 1, '2026-03-15 11:12:27', '2026-03-14 23:30:10');
INSERT INTO `user_notifications` VALUES (75, 75, 3, 2, 0, NULL, '2026-03-15 11:24:01');
INSERT INTO `user_notifications` VALUES (76, 76, 1, 2, 1, '2026-03-15 12:41:14', '2026-03-15 12:17:02');
INSERT INTO `user_notifications` VALUES (77, 77, 2, 2, 1, '2026-03-15 12:33:41', '2026-03-15 12:22:01');
INSERT INTO `user_notifications` VALUES (78, 78, 2, 2, 1, '2026-03-15 13:28:34', '2026-03-15 12:34:01');
INSERT INTO `user_notifications` VALUES (79, 79, 2, 2, 1, '2026-03-15 13:28:34', '2026-03-15 12:34:01');
INSERT INTO `user_notifications` VALUES (80, 80, 5, 1, 0, NULL, '2026-03-15 13:15:02');
INSERT INTO `user_notifications` VALUES (81, 81, 1, 2, 1, '2026-03-15 14:01:40', '2026-03-15 13:45:56');
INSERT INTO `user_notifications` VALUES (82, 82, 19, 1, 0, NULL, '2026-03-15 15:07:01');
INSERT INTO `user_notifications` VALUES (83, 83, 21, 1, 0, NULL, '2026-03-15 15:35:01');
INSERT INTO `user_notifications` VALUES (84, 84, 23, 1, 0, NULL, '2026-03-15 16:41:01');
INSERT INTO `user_notifications` VALUES (85, 85, 21, 1, 0, NULL, '2026-03-15 16:47:01');
INSERT INTO `user_notifications` VALUES (86, 86, 26, 1, 0, NULL, '2026-03-15 17:06:02');
INSERT INTO `user_notifications` VALUES (87, 87, 7, 2, 1, '2026-03-15 17:23:18', '2026-03-15 17:07:55');
INSERT INTO `user_notifications` VALUES (88, 88, 7, 2, 1, '2026-03-15 17:23:18', '2026-03-15 17:22:01');
INSERT INTO `user_notifications` VALUES (89, 89, 7, 2, 1, '2026-03-15 17:35:03', '2026-03-15 17:33:01');
INSERT INTO `user_notifications` VALUES (90, 90, 7, 2, 1, '2026-03-15 17:34:55', '2026-03-15 17:33:01');
INSERT INTO `user_notifications` VALUES (91, 91, 7, 2, 1, '2026-03-15 22:05:39', '2026-03-15 18:10:01');
INSERT INTO `user_notifications` VALUES (92, 92, 21, 1, 0, NULL, '2026-03-15 18:27:01');
INSERT INTO `user_notifications` VALUES (93, 93, 1, 2, 1, '2026-03-15 18:59:17', '2026-03-15 18:50:02');
INSERT INTO `user_notifications` VALUES (94, 94, 21, 1, 0, NULL, '2026-03-15 18:56:02');
INSERT INTO `user_notifications` VALUES (95, 95, 30, 1, 0, NULL, '2026-03-15 19:58:02');
INSERT INTO `user_notifications` VALUES (96, 96, 33, 1, 0, NULL, '2026-03-15 20:02:02');
INSERT INTO `user_notifications` VALUES (97, 97, 31, 1, 0, NULL, '2026-03-15 20:02:02');
INSERT INTO `user_notifications` VALUES (98, 98, 37, 1, 0, NULL, '2026-03-15 20:13:01');
INSERT INTO `user_notifications` VALUES (99, 99, 1, 2, 1, '2026-03-15 20:21:01', '2026-03-15 20:20:01');
INSERT INTO `user_notifications` VALUES (100, 100, 31, 1, 0, NULL, '2026-03-15 20:20:01');
INSERT INTO `user_notifications` VALUES (101, 101, 23, 1, 0, NULL, '2026-03-15 20:25:02');
INSERT INTO `user_notifications` VALUES (102, 102, 39, 1, 0, NULL, '2026-03-15 20:25:02');
INSERT INTO `user_notifications` VALUES (103, 103, 37, 1, 0, NULL, '2026-03-15 20:27:01');
INSERT INTO `user_notifications` VALUES (104, 104, 26, 1, 0, NULL, '2026-03-15 20:30:02');
INSERT INTO `user_notifications` VALUES (105, 105, 36, 1, 1, '2026-03-16 09:19:31', '2026-03-15 20:35:02');
INSERT INTO `user_notifications` VALUES (106, 106, 33, 1, 0, NULL, '2026-03-15 20:39:02');
INSERT INTO `user_notifications` VALUES (107, 107, 31, 1, 0, NULL, '2026-03-15 20:40:01');
INSERT INTO `user_notifications` VALUES (108, 108, 26, 1, 0, NULL, '2026-03-15 20:45:01');
INSERT INTO `user_notifications` VALUES (109, 109, 31, 1, 0, NULL, '2026-03-15 20:53:01');
INSERT INTO `user_notifications` VALUES (110, 110, 32, 1, 0, NULL, '2026-03-15 21:03:01');
INSERT INTO `user_notifications` VALUES (111, 111, 31, 1, 0, NULL, '2026-03-15 21:04:01');
INSERT INTO `user_notifications` VALUES (112, 112, 28, 1, 0, NULL, '2026-03-15 21:09:01');
INSERT INTO `user_notifications` VALUES (113, 113, 28, 1, 0, NULL, '2026-03-15 21:24:01');
INSERT INTO `user_notifications` VALUES (114, 114, 1, 2, 1, '2026-03-15 21:29:10', '2026-03-15 21:28:02');
INSERT INTO `user_notifications` VALUES (115, 115, 22, 1, 0, NULL, '2026-03-15 21:44:01');
INSERT INTO `user_notifications` VALUES (116, 116, 23, 1, 0, NULL, '2026-03-15 21:48:01');
INSERT INTO `user_notifications` VALUES (117, 117, 42, 1, 0, NULL, '2026-03-15 21:49:02');
INSERT INTO `user_notifications` VALUES (118, 118, 42, 1, 0, NULL, '2026-03-15 22:01:01');
INSERT INTO `user_notifications` VALUES (119, 119, 42, 1, 0, NULL, '2026-03-15 22:30:01');
INSERT INTO `user_notifications` VALUES (120, 120, 7, 2, 1, '2026-03-15 22:35:30', '2026-03-15 22:32:01');
INSERT INTO `user_notifications` VALUES (121, 121, 7, 2, 1, '2026-03-15 22:35:30', '2026-03-15 22:32:01');
INSERT INTO `user_notifications` VALUES (122, 122, 7, 2, 1, '2026-03-15 22:35:30', '2026-03-15 22:34:01');
INSERT INTO `user_notifications` VALUES (123, 123, 26, 1, 0, NULL, '2026-03-15 23:11:02');
INSERT INTO `user_notifications` VALUES (124, 124, 3, 2, 0, NULL, '2026-03-15 23:34:24');
INSERT INTO `user_notifications` VALUES (125, 125, 7, 2, 0, NULL, '2026-03-16 00:16:01');
INSERT INTO `user_notifications` VALUES (126, 126, 7, 2, 0, NULL, '2026-03-16 00:16:01');
INSERT INTO `user_notifications` VALUES (127, 127, 1, 2, 1, '2026-03-16 14:19:19', '2026-03-16 03:21:02');
INSERT INTO `user_notifications` VALUES (128, 128, 1, 2, 1, '2026-03-16 14:19:19', '2026-03-16 03:37:01');
INSERT INTO `user_notifications` VALUES (129, 129, 1, 2, 1, '2026-03-16 14:19:19', '2026-03-16 04:49:01');
INSERT INTO `user_notifications` VALUES (130, 130, 1, 2, 1, '2026-03-16 14:19:19', '2026-03-16 07:52:01');
INSERT INTO `user_notifications` VALUES (131, 131, 1, 2, 1, '2026-03-16 14:19:19', '2026-03-16 08:44:01');
INSERT INTO `user_notifications` VALUES (132, 132, 3, 2, 0, NULL, '2026-03-16 09:22:02');
INSERT INTO `user_notifications` VALUES (133, 133, 37, 1, 1, '2026-03-16 17:24:42', '2026-03-16 12:37:08');
INSERT INTO `user_notifications` VALUES (134, 134, 1, 2, 1, '2026-03-17 09:41:22', '2026-03-17 09:08:02');
INSERT INTO `user_notifications` VALUES (135, 135, 2, 2, 1, '2026-03-17 10:27:29', '2026-03-17 09:52:00');
INSERT INTO `user_notifications` VALUES (136, 136, 47, 1, 0, NULL, '2026-03-17 10:05:01');
INSERT INTO `user_notifications` VALUES (137, 137, 1, 2, 1, '2026-03-17 10:31:28', '2026-03-17 10:07:01');
INSERT INTO `user_notifications` VALUES (138, 138, 22, 1, 1, '2026-03-17 15:02:46', '2026-03-17 10:08:01');
INSERT INTO `user_notifications` VALUES (139, 139, 31, 1, 0, NULL, '2026-03-17 10:16:01');
INSERT INTO `user_notifications` VALUES (140, 140, 5, 1, 0, NULL, '2026-03-17 10:17:01');
INSERT INTO `user_notifications` VALUES (141, 141, 28, 1, 0, NULL, '2026-03-17 10:23:01');
INSERT INTO `user_notifications` VALUES (142, 142, 42, 1, 0, NULL, '2026-03-17 10:30:01');
INSERT INTO `user_notifications` VALUES (143, 143, 22, 1, 1, '2026-03-17 15:02:46', '2026-03-17 10:35:02');
INSERT INTO `user_notifications` VALUES (144, 144, 42, 1, 0, NULL, '2026-03-17 10:48:02');
INSERT INTO `user_notifications` VALUES (145, 145, 55, 1, 0, NULL, '2026-03-17 11:46:01');
INSERT INTO `user_notifications` VALUES (146, 146, 56, 1, 0, NULL, '2026-03-17 11:55:01');
INSERT INTO `user_notifications` VALUES (147, 147, 42, 1, 0, NULL, '2026-03-17 12:26:01');
INSERT INTO `user_notifications` VALUES (148, 148, 35, 1, 0, NULL, '2026-03-17 12:58:01');
INSERT INTO `user_notifications` VALUES (149, 149, 57, 1, 0, NULL, '2026-03-17 13:27:01');
INSERT INTO `user_notifications` VALUES (150, 150, 35, 1, 0, NULL, '2026-03-17 14:04:01');
INSERT INTO `user_notifications` VALUES (151, 151, 60, 1, 0, NULL, '2026-03-17 15:40:01');
INSERT INTO `user_notifications` VALUES (152, 152, 35, 1, 0, NULL, '2026-03-17 16:19:01');
INSERT INTO `user_notifications` VALUES (153, 153, 22, 1, 0, NULL, '2026-03-17 18:06:02');
INSERT INTO `user_notifications` VALUES (154, 154, 22, 1, 0, NULL, '2026-03-17 18:26:01');
INSERT INTO `user_notifications` VALUES (155, 155, 65, 1, 0, NULL, '2026-03-17 19:15:01');
INSERT INTO `user_notifications` VALUES (156, 156, 8, 2, 1, '2026-03-17 19:40:42', '2026-03-17 19:29:48');
INSERT INTO `user_notifications` VALUES (157, 157, 66, 1, 0, NULL, '2026-03-17 19:33:01');
INSERT INTO `user_notifications` VALUES (158, 158, 65, 1, 0, NULL, '2026-03-17 19:39:02');
INSERT INTO `user_notifications` VALUES (159, 159, 48, 1, 0, NULL, '2026-03-17 19:50:02');
INSERT INTO `user_notifications` VALUES (160, 160, 48, 1, 0, NULL, '2026-03-17 20:03:01');
INSERT INTO `user_notifications` VALUES (161, 161, 63, 1, 0, NULL, '2026-03-17 20:07:01');
INSERT INTO `user_notifications` VALUES (162, 162, 67, 1, 0, NULL, '2026-03-17 20:08:01');
INSERT INTO `user_notifications` VALUES (163, 163, 28, 1, 0, NULL, '2026-03-17 20:11:01');
INSERT INTO `user_notifications` VALUES (164, 164, 48, 1, 0, NULL, '2026-03-17 20:14:01');
INSERT INTO `user_notifications` VALUES (165, 165, 68, 1, 0, NULL, '2026-03-17 20:15:01');
INSERT INTO `user_notifications` VALUES (166, 166, 35, 1, 0, NULL, '2026-03-17 20:24:02');
INSERT INTO `user_notifications` VALUES (167, 167, 42, 1, 0, NULL, '2026-03-17 20:27:01');
INSERT INTO `user_notifications` VALUES (168, 168, 65, 1, 0, NULL, '2026-03-17 20:27:01');
INSERT INTO `user_notifications` VALUES (169, 169, 25, 1, 0, NULL, '2026-03-17 20:29:01');
INSERT INTO `user_notifications` VALUES (170, 170, 42, 1, 0, NULL, '2026-03-17 20:40:02');
INSERT INTO `user_notifications` VALUES (171, 171, 25, 1, 0, NULL, '2026-03-17 20:58:01');
INSERT INTO `user_notifications` VALUES (172, 172, 27, 1, 0, NULL, '2026-03-17 21:00:01');
INSERT INTO `user_notifications` VALUES (173, 173, 25, 1, 0, NULL, '2026-03-17 21:15:02');
INSERT INTO `user_notifications` VALUES (174, 174, 27, 1, 0, NULL, '2026-03-17 21:19:01');
INSERT INTO `user_notifications` VALUES (175, 175, 69, 1, 0, NULL, '2026-03-17 21:20:02');
INSERT INTO `user_notifications` VALUES (176, 176, 35, 1, 0, NULL, '2026-03-17 21:28:01');
INSERT INTO `user_notifications` VALUES (177, 177, 69, 1, 0, NULL, '2026-03-17 21:32:01');
INSERT INTO `user_notifications` VALUES (178, 178, 22, 1, 0, NULL, '2026-03-17 21:32:01');
INSERT INTO `user_notifications` VALUES (179, 179, 1, 2, 1, '2026-03-17 21:42:20', '2026-03-17 21:40:01');
INSERT INTO `user_notifications` VALUES (180, 180, 69, 1, 0, NULL, '2026-03-17 21:45:02');
INSERT INTO `user_notifications` VALUES (181, 181, 35, 1, 0, NULL, '2026-03-17 21:52:02');
INSERT INTO `user_notifications` VALUES (182, 182, 63, 1, 0, NULL, '2026-03-17 22:15:01');
INSERT INTO `user_notifications` VALUES (183, 183, 22, 1, 0, NULL, '2026-03-17 22:16:01');
INSERT INTO `user_notifications` VALUES (184, 184, 18, 1, 0, NULL, '2026-03-17 22:26:02');
INSERT INTO `user_notifications` VALUES (185, 185, 71, 1, 0, NULL, '2026-03-17 22:31:01');
INSERT INTO `user_notifications` VALUES (186, 186, 22, 1, 0, NULL, '2026-03-17 22:39:01');
INSERT INTO `user_notifications` VALUES (187, 187, 22, 1, 0, NULL, '2026-03-17 22:50:01');
INSERT INTO `user_notifications` VALUES (188, 188, 62, 1, 0, NULL, '2026-03-18 00:11:02');
INSERT INTO `user_notifications` VALUES (189, 189, 48, 1, 0, NULL, '2026-03-18 00:17:01');
INSERT INTO `user_notifications` VALUES (190, 190, 62, 1, 0, NULL, '2026-03-18 00:23:02');
INSERT INTO `user_notifications` VALUES (191, 191, 1, 2, 0, NULL, '2026-03-18 14:07:01');
INSERT INTO `user_notifications` VALUES (192, 192, 1, 2, 0, NULL, '2026-03-18 14:07:01');
INSERT INTO `user_notifications` VALUES (193, 193, 2, 2, 0, NULL, '2026-03-18 14:07:01');
INSERT INTO `user_notifications` VALUES (194, 194, 2, 2, 0, NULL, '2026-03-18 14:07:01');
INSERT INTO `user_notifications` VALUES (195, 195, 2, 2, 0, NULL, '2026-03-18 14:07:01');
INSERT INTO `user_notifications` VALUES (196, 196, 2, 2, 0, NULL, '2026-03-18 14:07:02');
INSERT INTO `user_notifications` VALUES (197, 197, 2, 2, 0, NULL, '2026-03-18 14:07:02');

-- ----------------------------
-- Table structure for wallet_password
-- ----------------------------
DROP TABLE IF EXISTS `wallet_password`;
CREATE TABLE `wallet_password`  (
  `id` bigint UNSIGNED NOT NULL AUTO_INCREMENT COMMENT 'ن¸»é”®ID',
  `wallet_id` bigint UNSIGNED NOT NULL COMMENT 'é’±هŒ…ID',
  `user_id` bigint UNSIGNED NOT NULL COMMENT 'ç”¨وˆ·ID',
  `user_type` tinyint NOT NULL COMMENT 'ç”¨وˆ·ç±»ه‍‹ï¼ڑ1=Cç«¯ï¼Œ2=Bç«¯ï¼Œ3=Adminç«¯',
  `password_hash` varchar(32) CHARACTER SET utf8mb4 COLLATE utf8mb4_unicode_ci NOT NULL COMMENT 'و”¯ن»که¯†ç پï¼ˆه‰چç«¯MD5 32ن½چï¼‰',
  `created_at` datetime NOT NULL DEFAULT CURRENT_TIMESTAMP COMMENT 'هˆ›ه»؛و—¶é—´',
  `updated_at` datetime NOT NULL DEFAULT CURRENT_TIMESTAMP ON UPDATE CURRENT_TIMESTAMP COMMENT 'و›´و–°و—¶é—´',
  PRIMARY KEY (`id`) USING BTREE,
  UNIQUE INDEX `uk_wallet_id`(`wallet_id` ASC) USING BTREE,
  INDEX `idx_user_id`(`user_id` ASC) USING BTREE,
  INDEX `idx_user_type`(`user_type` ASC) USING BTREE
) ENGINE = InnoDB AUTO_INCREMENT = 5 CHARACTER SET = utf8mb4 COLLATE = utf8mb4_unicode_ci COMMENT = 'و”¯ن»که¯†ç پè،¨-é’±هŒ…و”¯ن»که¯†ç پç®،çگ†' ROW_FORMAT = Dynamic;

-- ----------------------------
-- Records of wallet_password
-- ----------------------------
INSERT INTO `wallet_password` VALUES (1, 8, 5, 1, '123456', '2026-03-10 17:02:05', '2026-03-10 17:02:05');
INSERT INTO `wallet_password` VALUES (2, 26, 6, 2, '123456', '2026-03-15 13:47:50', '2026-03-15 13:47:50');
INSERT INTO `wallet_password` VALUES (3, 31, 25, 1, '430430', '2026-03-15 18:00:15', '2026-03-15 18:00:15');
INSERT INTO `wallet_password` VALUES (4, 50, 43, 1, '900806', '2026-03-16 09:00:43', '2026-03-16 09:00:43');

-- ----------------------------
-- Table structure for wallets
-- ----------------------------
DROP TABLE IF EXISTS `wallets`;
CREATE TABLE `wallets`  (
  `id` bigint UNSIGNED NOT NULL AUTO_INCREMENT COMMENT 'é’±هŒ…ID',
  `balance` bigint NOT NULL DEFAULT 0 COMMENT 'ن½™é¢‌ï¼ˆهچ•ن½چï¼ڑهˆ†ï¼Œ100=1ه…ƒï¼‰',
  `created_at` datetime NOT NULL DEFAULT CURRENT_TIMESTAMP COMMENT 'هˆ›ه»؛و—¶é—´',
  `updated_at` datetime NOT NULL DEFAULT CURRENT_TIMESTAMP ON UPDATE CURRENT_TIMESTAMP COMMENT 'و›´و–°و—¶é—´',
  PRIMARY KEY (`id`) USING BTREE,
  INDEX `idx_balance`(`balance` ASC) USING BTREE
) ENGINE = InnoDB AUTO_INCREMENT = 86 CHARACTER SET = utf8mb4 COLLATE = utf8mb4_unicode_ci COMMENT = 'é’±هŒ…è،¨-ن¸‰ç«¯ه…±ç”¨' ROW_FORMAT = Dynamic;

-- ----------------------------
-- Records of wallets
-- ----------------------------
INSERT INTO `wallets` VALUES (1, 0, '2026-02-27 11:49:20', '2026-03-18 17:03:19');
INSERT INTO `wallets` VALUES (2, 0, '2026-02-27 12:02:50', '2026-03-18 17:03:20');
INSERT INTO `wallets` VALUES (3, 0, '2026-02-27 13:06:22', '2026-02-27 13:06:22');
INSERT INTO `wallets` VALUES (4, 0, '2026-02-27 17:24:33', '2026-03-16 18:41:57');
INSERT INTO `wallets` VALUES (5, 0, '2026-02-27 17:26:27', '2026-02-27 17:26:27');
INSERT INTO `wallets` VALUES (6, 0, '2026-02-27 17:31:08', '2026-02-27 17:31:08');
INSERT INTO `wallets` VALUES (7, 0, '2026-03-01 00:48:16', '2026-03-16 18:42:00');
INSERT INTO `wallets` VALUES (8, 0, '2026-03-01 00:53:23', '2026-03-18 17:03:23');
INSERT INTO `wallets` VALUES (9, 0, '2026-03-02 00:12:06', '2026-03-16 18:42:05');
INSERT INTO `wallets` VALUES (10, 0, '2026-03-06 14:46:54', '2026-03-06 14:46:54');
INSERT INTO `wallets` VALUES (11, 0, '2026-03-08 12:06:11', '2026-03-16 18:42:07');
INSERT INTO `wallets` VALUES (23, 0, '2026-03-11 12:23:27', '2026-03-18 17:03:25');
INSERT INTO `wallets` VALUES (24, 0, '2026-03-13 12:47:21', '2026-03-16 18:42:55');
INSERT INTO `wallets` VALUES (25, 0, '2026-03-15 12:42:31', '2026-03-15 12:42:31');
INSERT INTO `wallets` VALUES (26, 0, '2026-03-15 13:28:02', '2026-03-15 13:28:02');
INSERT INTO `wallets` VALUES (27, 0, '2026-03-15 13:52:44', '2026-03-16 18:42:49');
INSERT INTO `wallets` VALUES (28, 0, '2026-03-15 14:22:08', '2026-03-18 17:03:29');
INSERT INTO `wallets` VALUES (29, 0, '2026-03-15 15:05:50', '2026-03-16 18:42:43');
INSERT INTO `wallets` VALUES (30, 0, '2026-03-15 15:33:06', '2026-03-15 15:33:06');
INSERT INTO `wallets` VALUES (31, 0, '2026-03-15 16:48:38', '2026-03-18 17:03:31');
INSERT INTO `wallets` VALUES (32, 0, '2026-03-15 16:55:20', '2026-03-18 17:03:32');
INSERT INTO `wallets` VALUES (33, 0, '2026-03-15 17:03:56', '2026-03-16 18:42:33');
INSERT INTO `wallets` VALUES (34, 0, '2026-03-15 17:22:13', '2026-03-18 17:03:34');
INSERT INTO `wallets` VALUES (35, 0, '2026-03-15 18:16:34', '2026-03-16 18:42:30');
INSERT INTO `wallets` VALUES (36, 0, '2026-03-15 19:12:49', '2026-03-15 19:12:49');
INSERT INTO `wallets` VALUES (37, 0, '2026-03-15 19:17:41', '2026-03-18 17:03:36');
INSERT INTO `wallets` VALUES (38, 0, '2026-03-15 19:19:35', '2026-03-16 18:42:24');
INSERT INTO `wallets` VALUES (39, 0, '2026-03-15 19:23:26', '2026-03-15 19:23:26');
INSERT INTO `wallets` VALUES (40, 0, '2026-03-15 19:27:09', '2026-03-15 19:27:09');
INSERT INTO `wallets` VALUES (41, 0, '2026-03-15 19:29:13', '2026-03-15 19:29:13');
INSERT INTO `wallets` VALUES (42, 0, '2026-03-15 19:29:22', '2026-03-18 17:03:38');
INSERT INTO `wallets` VALUES (43, 0, '2026-03-15 19:57:09', '2026-03-16 18:42:22');
INSERT INTO `wallets` VALUES (44, 0, '2026-03-15 20:01:16', '2026-03-16 18:42:19');
INSERT INTO `wallets` VALUES (45, 0, '2026-03-15 20:01:21', '2026-03-15 20:01:21');
INSERT INTO `wallets` VALUES (46, 0, '2026-03-15 20:12:49', '2026-03-15 20:12:49');
INSERT INTO `wallets` VALUES (47, 0, '2026-03-15 20:17:13', '2026-03-18 17:03:43');
INSERT INTO `wallets` VALUES (48, 0, '2026-03-15 20:17:50', '2026-03-15 20:17:50');
INSERT INTO `wallets` VALUES (49, 0, '2026-03-15 21:13:31', '2026-03-18 17:03:45');
INSERT INTO `wallets` VALUES (50, 0, '2026-03-16 08:59:30', '2026-03-16 08:59:30');
INSERT INTO `wallets` VALUES (51, 0, '2026-03-16 09:00:06', '2026-03-16 09:00:06');
INSERT INTO `wallets` VALUES (52, 0, '2026-03-16 09:05:18', '2026-03-16 09:05:18');
INSERT INTO `wallets` VALUES (53, 0, '2026-03-16 10:00:40', '2026-03-16 10:00:40');
INSERT INTO `wallets` VALUES (54, 0, '2026-03-16 10:31:15', '2026-03-16 10:31:15');
INSERT INTO `wallets` VALUES (55, 0, '2026-03-16 11:15:09', '2026-03-16 11:15:09');
INSERT INTO `wallets` VALUES (56, 0, '2026-03-16 12:14:37', '2026-03-16 12:14:37');
INSERT INTO `wallets` VALUES (57, 0, '2026-03-16 13:46:56', '2026-03-18 17:03:47');
INSERT INTO `wallets` VALUES (58, 0, '2026-03-16 14:27:48', '2026-03-16 14:27:48');
INSERT INTO `wallets` VALUES (59, 0, '2026-03-16 21:10:50', '2026-03-16 21:10:50');
INSERT INTO `wallets` VALUES (60, 0, '2026-03-16 22:04:48', '2026-03-18 17:03:49');
INSERT INTO `wallets` VALUES (61, 0, '2026-03-17 10:39:59', '2026-03-17 10:39:59');
INSERT INTO `wallets` VALUES (62, 0, '2026-03-17 11:33:22', '2026-03-17 11:33:22');
INSERT INTO `wallets` VALUES (63, 0, '2026-03-17 11:43:52', '2026-03-17 11:43:52');
INSERT INTO `wallets` VALUES (64, 0, '2026-03-17 13:11:14', '2026-03-17 13:11:14');
INSERT INTO `wallets` VALUES (65, 0, '2026-03-17 13:56:17', '2026-03-18 17:03:50');
INSERT INTO `wallets` VALUES (66, 0, '2026-03-17 14:08:06', '2026-03-17 14:08:06');
INSERT INTO `wallets` VALUES (67, 0, '2026-03-17 15:08:27', '2026-03-18 17:03:52');
INSERT INTO `wallets` VALUES (68, 0, '2026-03-17 15:09:20', '2026-03-17 15:09:20');
INSERT INTO `wallets` VALUES (69, 0, '2026-03-17 15:14:48', '2026-03-18 17:03:56');
INSERT INTO `wallets` VALUES (70, 0, '2026-03-17 16:27:11', '2026-03-18 17:03:59');
INSERT INTO `wallets` VALUES (71, 0, '2026-03-17 18:35:00', '2026-03-18 17:04:01');
INSERT INTO `wallets` VALUES (72, 0, '2026-03-17 19:03:33', '2026-03-17 19:03:33');
INSERT INTO `wallets` VALUES (73, 0, '2026-03-17 19:20:48', '2026-03-17 19:20:48');
INSERT INTO `wallets` VALUES (74, 0, '2026-03-17 19:27:19', '2026-03-18 17:04:03');
INSERT INTO `wallets` VALUES (75, 0, '2026-03-17 19:56:11', '2026-03-17 19:56:11');
INSERT INTO `wallets` VALUES (76, 0, '2026-03-17 20:03:37', '2026-03-17 20:03:37');
INSERT INTO `wallets` VALUES (77, 0, '2026-03-17 21:08:46', '2026-03-17 21:08:46');
INSERT INTO `wallets` VALUES (78, 0, '2026-03-17 21:37:06', '2026-03-17 21:37:06');
INSERT INTO `wallets` VALUES (79, 0, '2026-03-17 22:18:28', '2026-03-17 22:18:28');
INSERT INTO `wallets` VALUES (80, 0, '2026-03-17 23:37:39', '2026-03-18 17:04:05');
INSERT INTO `wallets` VALUES (81, 0, '2026-03-18 16:59:39', '2026-03-18 16:59:39');
INSERT INTO `wallets` VALUES (82, 0, '2026-03-19 23:44:25', '2026-03-19 23:44:25');
INSERT INTO `wallets` VALUES (83, 0, '2026-03-20 14:04:11', '2026-03-20 14:04:11');
INSERT INTO `wallets` VALUES (84, 0, '2026-03-20 18:31:21', '2026-03-20 18:31:21');
INSERT INTO `wallets` VALUES (85, 0, '2026-03-20 19:11:08', '2026-03-20 19:11:08');

-- ----------------------------
-- Table structure for wallets_log
-- ----------------------------
DROP TABLE IF EXISTS `wallets_log`;
CREATE TABLE `wallets_log`  (
  `id` bigint UNSIGNED NOT NULL AUTO_INCREMENT COMMENT 'وµپو°´ID',
  `wallet_id` bigint UNSIGNED NOT NULL COMMENT 'é’±هŒ…ID',
  `user_id` bigint UNSIGNED NOT NULL COMMENT 'ç”¨وˆ·ID',
  `username` varchar(64) CHARACTER SET utf8mb4 COLLATE utf8mb4_unicode_ci NOT NULL COMMENT 'ç”¨وˆ·هگچï¼ˆه†—ن½™ه­—و®µï¼‰',
  `user_type` tinyint NOT NULL COMMENT 'ç”¨وˆ·ç±»ه‍‹ï¼ڑ1=Cç«¯ï¼Œ2=Bç«¯ï¼Œ3=Adminç«¯',
  `type` tinyint NOT NULL COMMENT 'وµپو°´ç±»ه‍‹ï¼ڑ1=و”¶ه…¥ï¼Œ2=و”¯ه‡؛',
  `amount` bigint NOT NULL DEFAULT 0 COMMENT 'هڈکهٹ¨é‡‘é¢‌ï¼ˆهچ•ن½چï¼ڑهˆ†ï¼Œو­£و•°ï¼‰',
  `before_balance` bigint NOT NULL DEFAULT 0 COMMENT 'هڈکهٹ¨ه‰چن½™é¢‌ï¼ˆهچ•ن½چï¼ڑهˆ†ï¼‰',
  `after_balance` bigint NOT NULL DEFAULT 0 COMMENT 'هڈکهٹ¨هگژن½™é¢‌ï¼ˆهچ•ن½چï¼ڑهˆ†ï¼‰',
  `related_type` varchar(32) CHARACTER SET utf8mb4 COLLATE utf8mb4_unicode_ci NULL DEFAULT NULL COMMENT 'ه…³èپ”ç±»ه‍‹ï¼ڑtask=ن»»هٹ،ï¼Œrecharge=ه……ه€¼ï¼Œwithdraw=وڈگçژ°ï¼Œrefund=é€€و¬¾',
  `related_id` bigint UNSIGNED NULL DEFAULT NULL COMMENT 'ه…³èپ”IDï¼ˆن»»هٹ،IDم€پè®¢هچ•IDç­‰ï¼‰',
  `task_types` tinyint UNSIGNED NULL DEFAULT NULL COMMENT 'ن»»هٹ،ç±»ه‍‹ï¼ڑ1=ن¸ٹè¯„è¯„è®؛ï¼Œ2=ن¸­è¯„è¯„è®؛ï¼Œ3=و”¾ه¤§é•œوگœç´¢è¯چï¼Œ4=ن¸ٹن¸­è¯„è¯„è®؛ï¼Œ5=ن¸­ن¸‹è¯„è¯„è®؛ï¼Œ6=ه‡؛ç§ںè®¢هچ•ï¼Œ7=و±‚ç§ںè®¢هچ•',
  `task_types_text` varchar(100) CHARACTER SET utf8mb4 COLLATE utf8mb4_unicode_ci NULL DEFAULT NULL COMMENT 'ن»»هٹ،ç±»ه‍‹و–‡وœ¬وڈڈè؟°',
  `remark` varchar(500) CHARACTER SET utf8mb4 COLLATE utf8mb4_unicode_ci NOT NULL COMMENT 'ه¤‡و³¨è¯´وکژï¼ˆو‰£è´¹وˆ–و”¶ه…¥هژںه› ï¼‰',
  `created_at` datetime NOT NULL DEFAULT CURRENT_TIMESTAMP COMMENT 'هˆ›ه»؛و—¶é—´',
  PRIMARY KEY (`id`) USING BTREE,
  INDEX `idx_wallet_id`(`wallet_id` ASC) USING BTREE,
  INDEX `idx_user_id`(`user_id` ASC) USING BTREE,
  INDEX `idx_user_type`(`user_type` ASC) USING BTREE,
  INDEX `idx_type`(`type` ASC) USING BTREE,
  INDEX `idx_related`(`related_type` ASC, `related_id` ASC) USING BTREE,
  INDEX `idx_created_at`(`created_at` ASC) USING BTREE,
  INDEX `idx_task_types`(`task_types` ASC) USING BTREE
) ENGINE = InnoDB AUTO_INCREMENT = 511 CHARACTER SET = utf8mb4 COLLATE = utf8mb4_unicode_ci COMMENT = 'é’±هŒ…وµپو°´è،¨-è®°ه½•و‰€وœ‰و”¶و”¯' ROW_FORMAT = DYNAMIC;

-- ----------------------------
-- Records of wallets_log
-- ----------------------------
INSERT INTO `wallets_log` VALUES (337, 1, 1, 'Ceshi', 2, 1, 0, 0, 0, 'recharge', 21, NULL, NULL, 'ه……ه€¼ آ¥500.00ï¼ˆalipayï¼‰ï¼Œه®،و ¸ن¸­', '2026-03-17 09:07:44');
INSERT INTO `wallets_log` VALUES (338, 1, 1, 'Ceshi', 2, 1, 50000, 0, 50000, 'recharge', 21, NULL, NULL, 'ه……ه€¼هˆ°è´¦ï¼ڑآ¥500.00', '2026-03-17 09:08:02');
INSERT INTO `wallets_log` VALUES (339, 1, 1, 'Ceshi', 2, 2, 900, 50000, 49100, 'task', 137, 1, 'ن¸ٹè¯„è¯„è®؛', 'هڈ‘ه¸ƒن»»هٹ،م€گن¸ٹè¯„è¯„è®؛م€‘3ن¸ھن»»هٹ،ï¼Œو‰£é™¤ آ¥9.00', '2026-03-17 09:09:50');
INSERT INTO `wallets_log` VALUES (340, 1, 1, 'Ceshi', 2, 2, 900, 49100, 48200, 'task', 138, 1, 'ن¸ٹè¯„è¯„è®؛', 'هڈ‘ه¸ƒن»»هٹ،م€گن¸ٹè¯„è¯„è®؛م€‘3ن¸ھن»»هٹ،ï¼Œو‰£é™¤ آ¥9.00', '2026-03-17 09:36:13');
INSERT INTO `wallets_log` VALUES (341, 1, 1, 'Ceshi', 2, 2, 600, 48200, 47600, 'task', 139, 2, 'ن¸­è¯„è¯„è®؛', 'هڈ‘ه¸ƒن»»هٹ،م€گن¸­è¯„è¯„è®؛م€‘3ن¸ھن»»هٹ،ï¼Œو‰£é™¤ آ¥6.00', '2026-03-17 09:39:20');
INSERT INTO `wallets_log` VALUES (342, 1, 1, 'Ceshi', 2, 2, 500, 47600, 47100, 'task', 15, 3, 'و”¾ه¤§é•œوگœç´¢è¯چ', 'هڈ‘ه¸ƒو”¾ه¤§é•œن»»هٹ،م€گو”¾ه¤§é•œوگœç´¢è¯چم€‘1ن¸ھن»»هٹ،ï¼Œو‰£é™¤ آ¥5.00', '2026-03-17 09:40:49');
INSERT INTO `wallets_log` VALUES (343, 37, 30, 'songjuan520', 1, 1, 100, 0, 100, 'commission', 138, 1, 'ن¸ٹè¯„è¯„è®؛', 'ه®Œوˆگن»»هٹ،èژ·ه¾—ن½£é‡‘ï¼Œن»»هٹ،IDï¼ڑ138', '2026-03-17 09:42:27');
INSERT INTO `wallets_log` VALUES (344, 32, 26, '1158799864', 1, 1, 50, 0, 50, 'agent_commission', 138, 1, 'ن¸ٹè¯„è¯„è®؛', 'ن¸‹ç؛§ç”¨وˆ· songjuan520 ه®Œوˆگن»»هٹ،ï¼Œèژ·ه¾—ن¸€ç؛§ه›¢é•؟ن½£é‡‘ï¼Œن»»هٹ،IDï¼ڑ138', '2026-03-17 09:42:27');
INSERT INTO `wallets_log` VALUES (345, 28, 22, 'SGYMQ', 1, 1, 240, 0, 240, 'second_agent_commission', 138, 1, 'ن¸ٹè¯„è¯„è®؛', 'ن¸‹ç؛§ç”¨وˆ· 1158799864 çڑ„ه›¢éکںوˆگه‘که®Œوˆگن»»هٹ،ï¼Œèژ·ه¾—ن؛Œç؛§ه›¢é•؟ن½£é‡‘ï¼Œن»»هٹ،IDï¼ڑ138', '2026-03-17 09:42:27');
INSERT INTO `wallets_log` VALUES (346, 2, 2, 'Ceshi1', 2, 1, 0, 0, 0, 'recharge', 22, NULL, NULL, 'ه……ه€¼ آ¥500.00ï¼ˆalipayï¼‰ï¼Œه®،و ¸ن¸­', '2026-03-17 09:51:49');
INSERT INTO `wallets_log` VALUES (347, 2, 2, 'Ceshi1', 2, 1, 50000, 0, 50000, 'recharge', 22, NULL, NULL, 'ه……ه€¼هˆ°è´¦ï¼ڑآ¥500.00', '2026-03-17 09:52:00');
INSERT INTO `wallets_log` VALUES (348, 2, 2, 'Ceshi1', 2, 2, 900, 50000, 49100, 'task', 140, 1, 'ن¸ٹè¯„è¯„è®؛', 'هڈ‘ه¸ƒن»»هٹ،م€گن¸ٹè¯„è¯„è®؛م€‘3ن¸ھن»»هٹ،ï¼Œو‰£é™¤ آ¥9.00', '2026-03-17 09:56:23');
INSERT INTO `wallets_log` VALUES (349, 1, 1, 'Ceshi', 2, 1, 600, 47100, 47700, 'refund', 138, 0, '', 'ن»»هٹ،è؟‡وœںé€€و¬¾م€گن¸ٹè¯„è¯„è®؛م€‘ï¼Œوœھه®Œوˆگ 2 ن¸ھن»»هٹ،ï¼Œé€€و¬¾ آ¥6.00', '2026-03-17 10:07:01');
INSERT INTO `wallets_log` VALUES (350, 1, 1, 'Ceshi', 2, 2, 1500, 47700, 46200, 'task', 141, 1, 'ن¸ٹè¯„è¯„è®؛', 'هڈ‘ه¸ƒن»»هٹ،م€گن¸ٹè¯„è¯„è®؛م€‘5ن¸ھن»»هٹ،ï¼Œو‰£é™¤ آ¥15.00', '2026-03-17 10:33:02');
INSERT INTO `wallets_log` VALUES (351, 1, 1, 'Ceshi', 2, 2, 300, 46200, 45900, 'task', 142, 1, 'ن¸ٹè¯„è¯„è®؛', 'هڈ‘ه¸ƒن»»هٹ،م€گن¸ٹè¯„è¯„è®؛م€‘1ن¸ھن»»هٹ،ï¼Œو‰£é™¤ آ¥3.00', '2026-03-17 11:37:22');
INSERT INTO `wallets_log` VALUES (352, 1, 1, 'Ceshi', 2, 2, 300, 45900, 45600, 'task', 143, 1, 'ن¸ٹè¯„è¯„è®؛', 'هڈ‘ه¸ƒن»»هٹ،م€گن¸ٹè¯„è¯„è®؛م€‘1ن¸ھن»»هٹ،ï¼Œو‰£é™¤ آ¥3.00', '2026-03-17 11:38:12');
INSERT INTO `wallets_log` VALUES (353, 1, 1, 'Ceshi', 2, 2, 300, 45600, 45300, 'task', 144, 1, 'ن¸ٹè¯„è¯„è®؛', 'هڈ‘ه¸ƒن»»هٹ،م€گن¸ٹè¯„è¯„è®؛م€‘1ن¸ھن»»هٹ،ï¼Œو‰£é™¤ آ¥3.00', '2026-03-17 11:39:04');
INSERT INTO `wallets_log` VALUES (354, 1, 1, 'Ceshi', 2, 2, 300, 45300, 45000, 'task', 145, 1, 'ن¸ٹè¯„è¯„è®؛', 'هڈ‘ه¸ƒن»»هٹ،م€گن¸ٹè¯„è¯„è®؛م€‘1ن¸ھن»»هٹ،ï¼Œو‰£é™¤ آ¥3.00', '2026-03-17 11:39:05');
INSERT INTO `wallets_log` VALUES (355, 1, 1, 'Ceshi', 2, 2, 300, 45000, 44700, 'task', 146, 1, 'ن¸ٹè¯„è¯„è®؛', 'هڈ‘ه¸ƒن»»هٹ،م€گن¸ٹè¯„è¯„è®؛م€‘1ن¸ھن»»هٹ،ï¼Œو‰£é™¤ آ¥3.00', '2026-03-17 11:40:54');
INSERT INTO `wallets_log` VALUES (356, 1, 1, 'Ceshi', 2, 2, 300, 44700, 44400, 'task', 147, 1, 'ن¸ٹè¯„è¯„è®؛', 'هڈ‘ه¸ƒن»»هٹ،م€گن¸ٹè¯„è¯„è®؛م€‘1ن¸ھن»»هٹ،ï¼Œو‰£é™¤ آ¥3.00', '2026-03-17 11:42:17');
INSERT INTO `wallets_log` VALUES (357, 57, 50, 'sun92', 1, 1, 100, 0, 100, 'commission', 147, 1, 'ن¸ٹè¯„è¯„è®؛', 'è‡ھهٹ¨ه®،و ¸é€ڑè؟‡ن»»هٹ،èژ·ه¾—ن½£é‡‘ï¼Œن»»هٹ،IDï¼ڑ147', '2026-03-17 12:27:01');
INSERT INTO `wallets_log` VALUES (358, 49, 42, 'xy25', 1, 1, 50, 0, 50, 'agent_commission', 147, 1, 'ن¸ٹè¯„è¯„è®؛', 'ن¸‹ç؛§ç”¨وˆ· sun92وک¯و™®é€ڑه›¢é•؟ ه®Œوˆگن»»هٹ،ï¼Œèژ·ه¾—و™®é€ڑه›¢é•؟ن½£é‡‘ï¼Œن»»هٹ،IDï¼ڑ147', '2026-03-17 12:27:01');
INSERT INTO `wallets_log` VALUES (359, 28, 22, 'SGYMQ', 1, 1, 240, 240, 480, 'second_agent_commission', 147, 1, 'ن¸ٹè¯„è¯„è®؛', 'ن¸‹ç؛§ç”¨وˆ· xy25 çڑ„ه›¢éکںوˆگه‘که®Œوˆگن»»هٹ،ï¼Œèژ·ه¾—ن؛Œç؛§ه›¢é•؟ن½£é‡‘ï¼Œن»»هٹ،IDï¼ڑ147', '2026-03-17 12:27:01');
INSERT INTO `wallets_log` VALUES (360, 65, 58, 'Yjx123', 1, 1, 100, 0, 100, 'commission', 146, 1, 'ن¸ٹè¯„è¯„è®؛', 'è‡ھهٹ¨ه®،و ¸é€ڑè؟‡ن»»هٹ،èژ·ه¾—ن½£é‡‘ï¼Œن»»هٹ،IDï¼ڑ146', '2026-03-17 14:11:01');
INSERT INTO `wallets_log` VALUES (361, 42, 35, 'YUAN520', 1, 1, 50, 0, 50, 'agent_commission', 146, 1, 'ن¸ٹè¯„è¯„è®؛', 'ن¸‹ç؛§ç”¨وˆ· Yjx123وک¯و™®é€ڑه›¢é•؟ ه®Œوˆگن»»هٹ،ï¼Œèژ·ه¾—و™®é€ڑه›¢é•؟ن½£é‡‘ï¼Œن»»هٹ،IDï¼ڑ146', '2026-03-17 14:11:01');
INSERT INTO `wallets_log` VALUES (362, 28, 22, 'SGYMQ', 1, 1, 240, 480, 720, 'second_agent_commission', 146, 1, 'ن¸ٹè¯„è¯„è®؛', 'ن¸‹ç؛§ç”¨وˆ· YUAN520 çڑ„ه›¢éکںوˆگه‘که®Œوˆگن»»هٹ،ï¼Œèژ·ه¾—ن؛Œç؛§ه›¢é•؟ن½£é‡‘ï¼Œن»»هٹ،IDï¼ڑ146', '2026-03-17 14:11:01');
INSERT INTO `wallets_log` VALUES (363, 65, 58, 'Yjx123', 1, 1, 100, 100, 200, 'commission', 143, 1, 'ن¸ٹè¯„è¯„è®؛', 'è‡ھهٹ¨ه®،و ¸é€ڑè؟‡ن»»هٹ،èژ·ه¾—ن½£é‡‘ï¼Œن»»هٹ،IDï¼ڑ143', '2026-03-17 14:12:02');
INSERT INTO `wallets_log` VALUES (364, 42, 35, 'YUAN520', 1, 1, 50, 50, 100, 'agent_commission', 143, 1, 'ن¸ٹè¯„è¯„è®؛', 'ن¸‹ç؛§ç”¨وˆ· Yjx123وک¯و™®é€ڑه›¢é•؟ ه®Œوˆگن»»هٹ،ï¼Œèژ·ه¾—و™®é€ڑه›¢é•؟ن½£é‡‘ï¼Œن»»هٹ،IDï¼ڑ143', '2026-03-17 14:12:02');
INSERT INTO `wallets_log` VALUES (365, 28, 22, 'SGYMQ', 1, 1, 240, 720, 960, 'second_agent_commission', 143, 1, 'ن¸ٹè¯„è¯„è®؛', 'ن¸‹ç؛§ç”¨وˆ· YUAN520 çڑ„ه›¢éکںوˆگه‘که®Œوˆگن»»هٹ،ï¼Œèژ·ه¾—ن؛Œç؛§ه›¢é•؟ن½£é‡‘ï¼Œن»»هٹ،IDï¼ڑ143', '2026-03-17 14:12:02');
INSERT INTO `wallets_log` VALUES (366, 65, 58, 'Yjx123', 1, 1, 100, 200, 300, 'commission', 137, 1, 'ن¸ٹè¯„è¯„è®؛', 'è‡ھهٹ¨ه®،و ¸é€ڑè؟‡ن»»هٹ،èژ·ه¾—ن½£é‡‘ï¼Œن»»هٹ،IDï¼ڑ137', '2026-03-17 14:14:01');
INSERT INTO `wallets_log` VALUES (367, 42, 35, 'YUAN520', 1, 1, 50, 100, 150, 'agent_commission', 137, 1, 'ن¸ٹè¯„è¯„è®؛', 'ن¸‹ç؛§ç”¨وˆ· Yjx123وک¯و™®é€ڑه›¢é•؟ ه®Œوˆگن»»هٹ،ï¼Œèژ·ه¾—و™®é€ڑه›¢é•؟ن½£é‡‘ï¼Œن»»هٹ،IDï¼ڑ137', '2026-03-17 14:14:01');
INSERT INTO `wallets_log` VALUES (368, 28, 22, 'SGYMQ', 1, 1, 240, 960, 1200, 'second_agent_commission', 137, 1, 'ن¸ٹè¯„è¯„è®؛', 'ن¸‹ç؛§ç”¨وˆ· YUAN520 çڑ„ه›¢éکںوˆگه‘که®Œوˆگن»»هٹ،ï¼Œèژ·ه¾—ن؛Œç؛§ه›¢é•؟ن½£é‡‘ï¼Œن»»هٹ،IDï¼ڑ137', '2026-03-17 14:14:01');
INSERT INTO `wallets_log` VALUES (369, 65, 58, 'Yjx123', 1, 1, 100, 300, 400, 'commission', 145, 1, 'ن¸ٹè¯„è¯„è®؛', 'è‡ھهٹ¨ه®،و ¸é€ڑè؟‡ن»»هٹ،èژ·ه¾—ن½£é‡‘ï¼Œن»»هٹ،IDï¼ڑ145', '2026-03-17 14:32:01');
INSERT INTO `wallets_log` VALUES (370, 42, 35, 'YUAN520', 1, 1, 50, 150, 200, 'agent_commission', 145, 1, 'ن¸ٹè¯„è¯„è®؛', 'ن¸‹ç؛§ç”¨وˆ· Yjx123وک¯و™®é€ڑه›¢é•؟ ه®Œوˆگن»»هٹ،ï¼Œèژ·ه¾—و™®é€ڑه›¢é•؟ن½£é‡‘ï¼Œن»»هٹ،IDï¼ڑ145', '2026-03-17 14:32:01');
INSERT INTO `wallets_log` VALUES (371, 28, 22, 'SGYMQ', 1, 1, 240, 1200, 1440, 'second_agent_commission', 145, 1, 'ن¸ٹè¯„è¯„è®؛', 'ن¸‹ç؛§ç”¨وˆ· YUAN520 çڑ„ه›¢éکںوˆگه‘که®Œوˆگن»»هٹ،ï¼Œèژ·ه¾—ن؛Œç؛§ه›¢é•؟ن½£é‡‘ï¼Œن»»هٹ،IDï¼ڑ145', '2026-03-17 14:32:01');
INSERT INTO `wallets_log` VALUES (372, 65, 58, 'Yjx123', 1, 1, 100, 400, 500, 'commission', 142, 1, 'ن¸ٹè¯„è¯„è®؛', 'è‡ھهٹ¨ه®،و ¸é€ڑè؟‡ن»»هٹ،èژ·ه¾—ن½£é‡‘ï¼Œن»»هٹ،IDï¼ڑ142', '2026-03-17 14:42:02');
INSERT INTO `wallets_log` VALUES (373, 42, 35, 'YUAN520', 1, 1, 50, 200, 250, 'agent_commission', 142, 1, 'ن¸ٹè¯„è¯„è®؛', 'ن¸‹ç؛§ç”¨وˆ· Yjx123وک¯و™®é€ڑه›¢é•؟ ه®Œوˆگن»»هٹ،ï¼Œèژ·ه¾—و™®é€ڑه›¢é•؟ن½£é‡‘ï¼Œن»»هٹ،IDï¼ڑ142', '2026-03-17 14:42:02');
INSERT INTO `wallets_log` VALUES (374, 28, 22, 'SGYMQ', 1, 1, 240, 1440, 1680, 'second_agent_commission', 142, 1, 'ن¸ٹè¯„è¯„è®؛', 'ن¸‹ç؛§ç”¨وˆ· YUAN520 çڑ„ه›¢éکںوˆگه‘که®Œوˆگن»»هٹ،ï¼Œèژ·ه¾—ن؛Œç؛§ه›¢é•؟ن½£é‡‘ï¼Œن»»هٹ،IDï¼ڑ142', '2026-03-17 14:42:02');
INSERT INTO `wallets_log` VALUES (375, 65, 58, 'Yjx123', 1, 1, 100, 500, 600, 'commission', 144, 1, 'ن¸ٹè¯„è¯„è®؛', 'è‡ھهٹ¨ه®،و ¸é€ڑè؟‡ن»»هٹ،èژ·ه¾—ن½£é‡‘ï¼Œن»»هٹ،IDï¼ڑ144', '2026-03-17 14:47:01');
INSERT INTO `wallets_log` VALUES (376, 42, 35, 'YUAN520', 1, 1, 50, 250, 300, 'agent_commission', 144, 1, 'ن¸ٹè¯„è¯„è®؛', 'ن¸‹ç؛§ç”¨وˆ· Yjx123وک¯و™®é€ڑه›¢é•؟ ه®Œوˆگن»»هٹ،ï¼Œèژ·ه¾—و™®é€ڑه›¢é•؟ن½£é‡‘ï¼Œن»»هٹ،IDï¼ڑ144', '2026-03-17 14:47:01');
INSERT INTO `wallets_log` VALUES (377, 28, 22, 'SGYMQ', 1, 1, 240, 1680, 1920, 'second_agent_commission', 144, 1, 'ن¸ٹè¯„è¯„è®؛', 'ن¸‹ç؛§ç”¨وˆ· YUAN520 çڑ„ه›¢éکںوˆگه‘که®Œوˆگن»»هٹ،ï¼Œèژ·ه¾—ن؛Œç؛§ه›¢é•؟ن½£é‡‘ï¼Œن»»هٹ،IDï¼ڑ144', '2026-03-17 14:47:01');
INSERT INTO `wallets_log` VALUES (378, 65, 58, 'Yjx123', 1, 1, 100, 600, 700, 'commission', 140, 1, 'ن¸ٹè¯„è¯„è®؛', 'è‡ھهٹ¨ه®،و ¸é€ڑè؟‡ن»»هٹ،èژ·ه¾—ن½£é‡‘ï¼Œن»»هٹ،IDï¼ڑ140', '2026-03-17 14:48:02');
INSERT INTO `wallets_log` VALUES (379, 42, 35, 'YUAN520', 1, 1, 50, 300, 350, 'agent_commission', 140, 1, 'ن¸ٹè¯„è¯„è®؛', 'ن¸‹ç؛§ç”¨وˆ· Yjx123وک¯و™®é€ڑه›¢é•؟ ه®Œوˆگن»»هٹ،ï¼Œèژ·ه¾—و™®é€ڑه›¢é•؟ن½£é‡‘ï¼Œن»»هٹ،IDï¼ڑ140', '2026-03-17 14:48:02');
INSERT INTO `wallets_log` VALUES (380, 28, 22, 'SGYMQ', 1, 1, 240, 1920, 2160, 'second_agent_commission', 140, 1, 'ن¸ٹè¯„è¯„è®؛', 'ن¸‹ç؛§ç”¨وˆ· YUAN520 çڑ„ه›¢éکںوˆگه‘که®Œوˆگن»»هٹ،ï¼Œèژ·ه¾—ن؛Œç؛§ه›¢é•؟ن½£é‡‘ï¼Œن»»هٹ،IDï¼ڑ140', '2026-03-17 14:48:02');
INSERT INTO `wallets_log` VALUES (381, 67, 60, 'Fang194312', 1, 1, 100, 0, 100, 'commission', 141, 1, 'ن¸ٹè¯„è¯„è®؛', 'è‡ھهٹ¨ه®،و ¸é€ڑè؟‡ن»»هٹ،èژ·ه¾—ن½£é‡‘ï¼Œن»»هٹ،IDï¼ڑ141', '2026-03-17 15:27:02');
INSERT INTO `wallets_log` VALUES (382, 42, 35, 'YUAN520', 1, 1, 50, 350, 400, 'agent_commission', 141, 1, 'ن¸ٹè¯„è¯„è®؛', 'ن¸‹ç؛§ç”¨وˆ· Fang194312وک¯و™®é€ڑه›¢é•؟ ه®Œوˆگن»»هٹ،ï¼Œèژ·ه¾—و™®é€ڑه›¢é•؟ن½£é‡‘ï¼Œن»»هٹ،IDï¼ڑ141', '2026-03-17 15:27:02');
INSERT INTO `wallets_log` VALUES (383, 28, 22, 'SGYMQ', 1, 1, 240, 2160, 2400, 'second_agent_commission', 141, 1, 'ن¸ٹè¯„è¯„è®؛', 'ن¸‹ç؛§ç”¨وˆ· YUAN520 çڑ„ه›¢éکںوˆگه‘که®Œوˆگن»»هٹ،ï¼Œèژ·ه¾—ن؛Œç؛§ه›¢é•؟ن½£é‡‘ï¼Œن»»هٹ،IDï¼ڑ141', '2026-03-17 15:27:02');
INSERT INTO `wallets_log` VALUES (384, 67, 60, 'Fang194312', 1, 1, 100, 100, 200, 'commission', 137, 1, 'ن¸ٹè¯„è¯„è®؛', 'è‡ھهٹ¨ه®،و ¸é€ڑè؟‡ن»»هٹ،èژ·ه¾—ن½£é‡‘ï¼Œن»»هٹ،IDï¼ڑ137', '2026-03-17 15:30:02');
INSERT INTO `wallets_log` VALUES (385, 42, 35, 'YUAN520', 1, 1, 50, 400, 450, 'agent_commission', 137, 1, 'ن¸ٹè¯„è¯„è®؛', 'ن¸‹ç؛§ç”¨وˆ· Fang194312وک¯و™®é€ڑه›¢é•؟ ه®Œوˆگن»»هٹ،ï¼Œèژ·ه¾—و™®é€ڑه›¢é•؟ن½£é‡‘ï¼Œن»»هٹ،IDï¼ڑ137', '2026-03-17 15:30:02');
INSERT INTO `wallets_log` VALUES (386, 28, 22, 'SGYMQ', 1, 1, 240, 2400, 2640, 'second_agent_commission', 137, 1, 'ن¸ٹè¯„è¯„è®؛', 'ن¸‹ç؛§ç”¨وˆ· YUAN520 çڑ„ه›¢éکںوˆگه‘که®Œوˆگن»»هٹ،ï¼Œèژ·ه¾—ن؛Œç؛§ه›¢é•؟ن½£é‡‘ï¼Œن»»هٹ،IDï¼ڑ137', '2026-03-17 15:30:02');
INSERT INTO `wallets_log` VALUES (387, 69, 62, 'liang520', 1, 1, 100, 0, 100, 'commission', 141, 1, 'ن¸ٹè¯„è¯„è®؛', 'è‡ھهٹ¨ه®،و ¸é€ڑè؟‡ن»»هٹ،èژ·ه¾—ن½£é‡‘ï¼Œن»»هٹ،IDï¼ڑ141', '2026-03-17 15:44:01');
INSERT INTO `wallets_log` VALUES (388, 42, 35, 'YUAN520', 1, 1, 50, 450, 500, 'agent_commission', 141, 1, 'ن¸ٹè¯„è¯„è®؛', 'ن¸‹ç؛§ç”¨وˆ· liang520وک¯و™®é€ڑه›¢é•؟ ه®Œوˆگن»»هٹ،ï¼Œèژ·ه¾—و™®é€ڑه›¢é•؟ن½£é‡‘ï¼Œن»»هٹ،IDï¼ڑ141', '2026-03-17 15:44:01');
INSERT INTO `wallets_log` VALUES (389, 28, 22, 'SGYMQ', 1, 1, 240, 2640, 2880, 'second_agent_commission', 141, 1, 'ن¸ٹè¯„è¯„è®؛', 'ن¸‹ç؛§ç”¨وˆ· YUAN520 çڑ„ه›¢éکںوˆگه‘که®Œوˆگن»»هٹ،ï¼Œèژ·ه¾—ن؛Œç؛§ه›¢é•؟ن½£é‡‘ï¼Œن»»هٹ،IDï¼ڑ141', '2026-03-17 15:44:01');
INSERT INTO `wallets_log` VALUES (390, 69, 62, 'liang520', 1, 1, 100, 100, 200, 'commission', 140, 1, 'ن¸ٹè¯„è¯„è®؛', 'è‡ھهٹ¨ه®،و ¸é€ڑè؟‡ن»»هٹ،èژ·ه¾—ن½£é‡‘ï¼Œن»»هٹ،IDï¼ڑ140', '2026-03-17 16:12:02');
INSERT INTO `wallets_log` VALUES (391, 42, 35, 'YUAN520', 1, 1, 50, 500, 550, 'agent_commission', 140, 1, 'ن¸ٹè¯„è¯„è®؛', 'ن¸‹ç؛§ç”¨وˆ· liang520وک¯و™®é€ڑه›¢é•؟ ه®Œوˆگن»»هٹ،ï¼Œèژ·ه¾—و™®é€ڑه›¢é•؟ن½£é‡‘ï¼Œن»»هٹ،IDï¼ڑ140', '2026-03-17 16:12:02');
INSERT INTO `wallets_log` VALUES (392, 28, 22, 'SGYMQ', 1, 1, 240, 2880, 3120, 'second_agent_commission', 140, 1, 'ن¸ٹè¯„è¯„è®؛', 'ن¸‹ç؛§ç”¨وˆ· YUAN520 çڑ„ه›¢éکںوˆگه‘که®Œوˆگن»»هٹ،ï¼Œèژ·ه¾—ن؛Œç؛§ه›¢é•؟ن½£é‡‘ï¼Œن»»هٹ،IDï¼ڑ140', '2026-03-17 16:12:02');
INSERT INTO `wallets_log` VALUES (393, 69, 62, 'liang520', 1, 1, 80, 200, 280, 'commission', 139, 2, 'ن¸­è¯„è¯„è®؛', 'è‡ھهٹ¨ه®،و ¸é€ڑè؟‡ن»»هٹ،èژ·ه¾—ن½£é‡‘ï¼Œن»»هٹ،IDï¼ڑ139', '2026-03-17 16:31:01');
INSERT INTO `wallets_log` VALUES (394, 42, 35, 'YUAN520', 1, 1, 30, 550, 580, 'agent_commission', 139, 2, 'ن¸­è¯„è¯„è®؛', 'ن¸‹ç؛§ç”¨وˆ· liang520وک¯و™®é€ڑه›¢é•؟ ه®Œوˆگن»»هٹ،ï¼Œèژ·ه¾—و™®é€ڑه›¢é•؟ن½£é‡‘ï¼Œن»»هٹ،IDï¼ڑ139', '2026-03-17 16:31:01');
INSERT INTO `wallets_log` VALUES (395, 28, 22, 'SGYMQ', 1, 1, 160, 3120, 3280, 'second_agent_commission', 139, 2, 'ن¸­è¯„è¯„è®؛', 'ن¸‹ç؛§ç”¨وˆ· YUAN520 çڑ„ه›¢éکںوˆگه‘که®Œوˆگن»»هٹ،ï¼Œèژ·ه¾—ن؛Œç؛§ه›¢é•؟ن½£é‡‘ï¼Œن»»هٹ،IDï¼ڑ139', '2026-03-17 16:31:01');
INSERT INTO `wallets_log` VALUES (396, 69, 62, 'liang520', 1, 1, 100, 280, 380, 'commission', 137, 1, 'ن¸ٹè¯„è¯„è®؛', 'è‡ھهٹ¨ه®،و ¸é€ڑè؟‡ن»»هٹ،èژ·ه¾—ن½£é‡‘ï¼Œن»»هٹ،IDï¼ڑ137', '2026-03-17 16:34:01');
INSERT INTO `wallets_log` VALUES (397, 42, 35, 'YUAN520', 1, 1, 50, 580, 630, 'agent_commission', 137, 1, 'ن¸ٹè¯„è¯„è®؛', 'ن¸‹ç؛§ç”¨وˆ· liang520وک¯و™®é€ڑه›¢é•؟ ه®Œوˆگن»»هٹ،ï¼Œèژ·ه¾—و™®é€ڑه›¢é•؟ن½£é‡‘ï¼Œن»»هٹ،IDï¼ڑ137', '2026-03-17 16:34:01');
INSERT INTO `wallets_log` VALUES (398, 28, 22, 'SGYMQ', 1, 1, 240, 3280, 3520, 'second_agent_commission', 137, 1, 'ن¸ٹè¯„è¯„è®؛', 'ن¸‹ç؛§ç”¨وˆ· YUAN520 çڑ„ه›¢éکںوˆگه‘که®Œوˆگن»»هٹ،ï¼Œèژ·ه¾—ن؛Œç؛§ه›¢é•؟ن½£é‡‘ï¼Œن»»هٹ،IDï¼ڑ137', '2026-03-17 16:34:01');
INSERT INTO `wallets_log` VALUES (399, 70, 63, '123456yjx', 1, 1, 100, 0, 100, 'commission', 141, 1, 'ن¸ٹè¯„è¯„è®؛', 'è‡ھهٹ¨ه®،و ¸é€ڑè؟‡ن»»هٹ،èژ·ه¾—ن½£é‡‘ï¼Œن»»هٹ،IDï¼ڑ141', '2026-03-17 16:40:01');
INSERT INTO `wallets_log` VALUES (400, 42, 35, 'YUAN520', 1, 1, 50, 630, 680, 'agent_commission', 141, 1, 'ن¸ٹè¯„è¯„è®؛', 'ن¸‹ç؛§ç”¨وˆ· 123456yjxوک¯و™®é€ڑه›¢é•؟ ه®Œوˆگن»»هٹ،ï¼Œèژ·ه¾—و™®é€ڑه›¢é•؟ن½£é‡‘ï¼Œن»»هٹ،IDï¼ڑ141', '2026-03-17 16:40:01');
INSERT INTO `wallets_log` VALUES (401, 28, 22, 'SGYMQ', 1, 1, 240, 3520, 3760, 'second_agent_commission', 141, 1, 'ن¸ٹè¯„è¯„è®؛', 'ن¸‹ç؛§ç”¨وˆ· YUAN520 çڑ„ه›¢éکںوˆگه‘که®Œوˆگن»»هٹ،ï¼Œèژ·ه¾—ن؛Œç؛§ه›¢é•؟ن½£é‡‘ï¼Œن»»هٹ،IDï¼ڑ141', '2026-03-17 16:40:01');
INSERT INTO `wallets_log` VALUES (402, 70, 63, '123456yjx', 1, 1, 100, 100, 200, 'commission', 140, 1, 'ن¸ٹè¯„è¯„è®؛', 'è‡ھهٹ¨ه®،و ¸é€ڑè؟‡ن»»هٹ،èژ·ه¾—ن½£é‡‘ï¼Œن»»هٹ،IDï¼ڑ140', '2026-03-17 16:41:02');
INSERT INTO `wallets_log` VALUES (403, 42, 35, 'YUAN520', 1, 1, 50, 680, 730, 'agent_commission', 140, 1, 'ن¸ٹè¯„è¯„è®؛', 'ن¸‹ç؛§ç”¨وˆ· 123456yjxوک¯و™®é€ڑه›¢é•؟ ه®Œوˆگن»»هٹ،ï¼Œèژ·ه¾—و™®é€ڑه›¢é•؟ن½£é‡‘ï¼Œن»»هٹ،IDï¼ڑ140', '2026-03-17 16:41:02');
INSERT INTO `wallets_log` VALUES (404, 28, 22, 'SGYMQ', 1, 1, 240, 3760, 4000, 'second_agent_commission', 140, 1, 'ن¸ٹè¯„è¯„è®؛', 'ن¸‹ç؛§ç”¨وˆ· YUAN520 çڑ„ه›¢éکںوˆگه‘که®Œوˆگن»»هٹ،ï¼Œèژ·ه¾—ن؛Œç؛§ه›¢é•؟ن½£é‡‘ï¼Œن»»هٹ،IDï¼ڑ140', '2026-03-17 16:41:02');
INSERT INTO `wallets_log` VALUES (405, 47, 40, '147369123789', 1, 1, 100, 0, 100, 'commission', 141, 1, 'ن¸ٹè¯„è¯„è®؛', 'è‡ھهٹ¨ه®،و ¸é€ڑè؟‡ن»»هٹ،èژ·ه¾—ن½£é‡‘ï¼Œن»»هٹ،IDï¼ڑ141', '2026-03-17 17:29:01');
INSERT INTO `wallets_log` VALUES (406, 32, 26, '1158799864', 1, 1, 50, 50, 100, 'agent_commission', 141, 1, 'ن¸ٹè¯„è¯„è®؛', 'ن¸‹ç؛§ç”¨وˆ· 147369123789وک¯و™®é€ڑه›¢é•؟ ه®Œوˆگن»»هٹ،ï¼Œèژ·ه¾—و™®é€ڑه›¢é•؟ن½£é‡‘ï¼Œن»»هٹ،IDï¼ڑ141', '2026-03-17 17:29:01');
INSERT INTO `wallets_log` VALUES (407, 28, 22, 'SGYMQ', 1, 1, 240, 4000, 4240, 'second_agent_commission', 141, 1, 'ن¸ٹè¯„è¯„è®؛', 'ن¸‹ç؛§ç”¨وˆ· 1158799864 çڑ„ه›¢éکںوˆگه‘که®Œوˆگن»»هٹ،ï¼Œèژ·ه¾—ن؛Œç؛§ه›¢é•؟ن½£é‡‘ï¼Œن»»هٹ،IDï¼ڑ141', '2026-03-17 17:29:01');
INSERT INTO `wallets_log` VALUES (408, 1, 1, 'Ceshi', 2, 2, 300, 44400, 44100, 'task', 148, 1, 'ن¸ٹè¯„è¯„è®؛', 'هڈ‘ه¸ƒن»»هٹ،م€گن¸ٹè¯„è¯„è®؛م€‘1ن¸ھن»»هٹ،ï¼Œو‰£é™¤ آ¥3.00', '2026-03-17 18:09:52');
INSERT INTO `wallets_log` VALUES (409, 1, 1, 'Ceshi', 2, 2, 300, 44100, 43800, 'task', 149, 1, 'ن¸ٹè¯„è¯„è®؛', 'هڈ‘ه¸ƒن»»هٹ،م€گن¸ٹè¯„è¯„è®؛م€‘1ن¸ھن»»هٹ،ï¼Œو‰£é™¤ آ¥3.00', '2026-03-17 18:10:16');
INSERT INTO `wallets_log` VALUES (410, 1, 1, 'Ceshi', 2, 2, 300, 43800, 43500, 'task', 150, 1, 'ن¸ٹè¯„è¯„è®؛', 'هڈ‘ه¸ƒن»»هٹ،م€گن¸ٹè¯„è¯„è®؛م€‘1ن¸ھن»»هٹ،ï¼Œو‰£é™¤ آ¥3.00', '2026-03-17 18:11:00');
INSERT INTO `wallets_log` VALUES (411, 1, 1, 'Ceshi', 2, 2, 600, 43500, 42900, 'task', 151, 2, 'ن¸­è¯„è¯„è®؛', 'هڈ‘ه¸ƒن»»هٹ،م€گن¸­è¯„è¯„è®؛م€‘3ن¸ھن»»هٹ،ï¼Œو‰£é™¤ آ¥6.00', '2026-03-17 18:12:16');
INSERT INTO `wallets_log` VALUES (412, 1, 1, 'Ceshi', 2, 2, 600, 42900, 42300, 'task', 152, 2, 'ن¸­è¯„è¯„è®؛', 'هڈ‘ه¸ƒن»»هٹ،م€گن¸­è¯„è¯„è®؛م€‘3ن¸ھن»»هٹ،ï¼Œو‰£é™¤ آ¥6.00', '2026-03-17 18:13:25');
INSERT INTO `wallets_log` VALUES (413, 1, 1, 'Ceshi', 2, 2, 600, 42300, 41700, 'task', 153, 2, 'ن¸­è¯„è¯„è®؛', 'هڈ‘ه¸ƒن»»هٹ،م€گن¸­è¯„è¯„è®؛م€‘3ن¸ھن»»هٹ،ï¼Œو‰£é™¤ آ¥6.00', '2026-03-17 18:14:18');
INSERT INTO `wallets_log` VALUES (414, 1, 1, 'Ceshi', 2, 2, 300, 41700, 41400, 'task', 154, 1, 'ن¸ٹè¯„è¯„è®؛', 'هڈ‘ه¸ƒن»»هٹ،م€گن¸ٹè¯„è¯„è®؛م€‘1ن¸ھن»»هٹ،ï¼Œو‰£é™¤ آ¥3.00', '2026-03-17 18:15:38');
INSERT INTO `wallets_log` VALUES (415, 47, 40, '147369123789', 1, 1, 80, 100, 180, 'commission', 153, 2, 'ن¸­è¯„è¯„è®؛', 'è‡ھهٹ¨ه®،و ¸é€ڑè؟‡ن»»هٹ،èژ·ه¾—ن½£é‡‘ï¼Œن»»هٹ،IDï¼ڑ153', '2026-03-17 18:31:01');
INSERT INTO `wallets_log` VALUES (416, 32, 26, '1158799864', 1, 1, 30, 100, 130, 'agent_commission', 153, 2, 'ن¸­è¯„è¯„è®؛', 'ن¸‹ç؛§ç”¨وˆ· 147369123789وک¯و™®é€ڑه›¢é•؟ ه®Œوˆگن»»هٹ،ï¼Œèژ·ه¾—و™®é€ڑه›¢é•؟ن½£é‡‘ï¼Œن»»هٹ،IDï¼ڑ153', '2026-03-17 18:31:01');
INSERT INTO `wallets_log` VALUES (417, 28, 22, 'SGYMQ', 1, 1, 160, 4240, 4400, 'second_agent_commission', 153, 2, 'ن¸­è¯„è¯„è®؛', 'ن¸‹ç؛§ç”¨وˆ· 1158799864 çڑ„ه›¢éکںوˆگه‘که®Œوˆگن»»هٹ،ï¼Œèژ·ه¾—ن؛Œç؛§ه›¢é•؟ن½£é‡‘ï¼Œن»»هٹ،IDï¼ڑ153', '2026-03-17 18:31:01');
INSERT INTO `wallets_log` VALUES (418, 71, 64, '987321147258', 1, 1, 100, 0, 100, 'commission', 154, 1, 'ن¸ٹè¯„è¯„è®؛', 'è‡ھهٹ¨ه®،و ¸é€ڑè؟‡ن»»هٹ،èژ·ه¾—ن½£é‡‘ï¼Œن»»هٹ،IDï¼ڑ154', '2026-03-17 18:49:01');
INSERT INTO `wallets_log` VALUES (419, 32, 26, '1158799864', 1, 1, 50, 130, 180, 'agent_commission', 154, 1, 'ن¸ٹè¯„è¯„è®؛', 'ن¸‹ç؛§ç”¨وˆ· 987321147258وک¯و™®é€ڑه›¢é•؟ ه®Œوˆگن»»هٹ،ï¼Œèژ·ه¾—و™®é€ڑه›¢é•؟ن½£é‡‘ï¼Œن»»هٹ،IDï¼ڑ154', '2026-03-17 18:49:01');
INSERT INTO `wallets_log` VALUES (420, 28, 22, 'SGYMQ', 1, 1, 240, 4400, 4640, 'second_agent_commission', 154, 1, 'ن¸ٹè¯„è¯„è®؛', 'ن¸‹ç؛§ç”¨وˆ· 1158799864 çڑ„ه›¢éکںوˆگه‘که®Œوˆگن»»هٹ،ï¼Œèژ·ه¾—ن؛Œç؛§ه›¢é•؟ن½£é‡‘ï¼Œن»»هٹ،IDï¼ڑ154', '2026-03-17 18:49:01');
INSERT INTO `wallets_log` VALUES (421, 69, 62, 'liang520', 1, 1, 80, 380, 460, 'commission', 153, 2, 'ن¸­è¯„è¯„è®؛', 'è‡ھهٹ¨ه®،و ¸é€ڑè؟‡ن»»هٹ،èژ·ه¾—ن½£é‡‘ï¼Œن»»هٹ،IDï¼ڑ153', '2026-03-17 18:52:01');
INSERT INTO `wallets_log` VALUES (422, 42, 35, 'YUAN520', 1, 1, 30, 730, 760, 'agent_commission', 153, 2, 'ن¸­è¯„è¯„è®؛', 'ن¸‹ç؛§ç”¨وˆ· liang520وک¯و™®é€ڑه›¢é•؟ ه®Œوˆگن»»هٹ،ï¼Œèژ·ه¾—و™®é€ڑه›¢é•؟ن½£é‡‘ï¼Œن»»هٹ،IDï¼ڑ153', '2026-03-17 18:52:01');
INSERT INTO `wallets_log` VALUES (423, 28, 22, 'SGYMQ', 1, 1, 160, 4640, 4800, 'second_agent_commission', 153, 2, 'ن¸­è¯„è¯„è®؛', 'ن¸‹ç؛§ç”¨وˆ· YUAN520 çڑ„ه›¢éکںوˆگه‘که®Œوˆگن»»هٹ،ï¼Œèژ·ه¾—ن؛Œç؛§ه›¢é•؟ن½£é‡‘ï¼Œن»»هٹ،IDï¼ڑ153', '2026-03-17 18:52:01');
INSERT INTO `wallets_log` VALUES (424, 69, 62, 'liang520', 1, 1, 80, 460, 540, 'commission', 152, 2, 'ن¸­è¯„è¯„è®؛', 'è‡ھهٹ¨ه®،و ¸é€ڑè؟‡ن»»هٹ،èژ·ه¾—ن½£é‡‘ï¼Œن»»هٹ،IDï¼ڑ152', '2026-03-17 18:53:01');
INSERT INTO `wallets_log` VALUES (425, 42, 35, 'YUAN520', 1, 1, 30, 760, 790, 'agent_commission', 152, 2, 'ن¸­è¯„è¯„è®؛', 'ن¸‹ç؛§ç”¨وˆ· liang520وک¯و™®é€ڑه›¢é•؟ ه®Œوˆگن»»هٹ،ï¼Œèژ·ه¾—و™®é€ڑه›¢é•؟ن½£é‡‘ï¼Œن»»هٹ،IDï¼ڑ152', '2026-03-17 18:53:01');
INSERT INTO `wallets_log` VALUES (426, 28, 22, 'SGYMQ', 1, 1, 160, 4800, 4960, 'second_agent_commission', 152, 2, 'ن¸­è¯„è¯„è®؛', 'ن¸‹ç؛§ç”¨وˆ· YUAN520 çڑ„ه›¢éکںوˆگه‘که®Œوˆگن»»هٹ،ï¼Œèژ·ه¾—ن؛Œç؛§ه›¢é•؟ن½£é‡‘ï¼Œن»»هٹ،IDï¼ڑ152', '2026-03-17 18:53:01');
INSERT INTO `wallets_log` VALUES (427, 71, 64, '987321147258', 1, 1, 100, 100, 200, 'commission', 141, 1, 'ن¸ٹè¯„è¯„è®؛', 'è‡ھهٹ¨ه®،و ¸é€ڑè؟‡ن»»هٹ،èژ·ه¾—ن½£é‡‘ï¼Œن»»هٹ،IDï¼ڑ141', '2026-03-17 18:53:01');
INSERT INTO `wallets_log` VALUES (428, 32, 26, '1158799864', 1, 1, 50, 180, 230, 'agent_commission', 141, 1, 'ن¸ٹè¯„è¯„è®؛', 'ن¸‹ç؛§ç”¨وˆ· 987321147258وک¯و™®é€ڑه›¢é•؟ ه®Œوˆگن»»هٹ،ï¼Œèژ·ه¾—و™®é€ڑه›¢é•؟ن½£é‡‘ï¼Œن»»هٹ،IDï¼ڑ141', '2026-03-17 18:53:01');
INSERT INTO `wallets_log` VALUES (429, 28, 22, 'SGYMQ', 1, 1, 240, 4960, 5200, 'second_agent_commission', 141, 1, 'ن¸ٹè¯„è¯„è®؛', 'ن¸‹ç؛§ç”¨وˆ· 1158799864 çڑ„ه›¢éکںوˆگه‘که®Œوˆگن»»هٹ،ï¼Œèژ·ه¾—ن؛Œç؛§ه›¢é•؟ن½£é‡‘ï¼Œن»»هٹ،IDï¼ڑ141', '2026-03-17 18:53:01');
INSERT INTO `wallets_log` VALUES (430, 69, 62, 'liang520', 1, 1, 80, 540, 620, 'commission', 151, 2, 'ن¸­è¯„è¯„è®؛', 'è‡ھهٹ¨ه®،و ¸é€ڑè؟‡ن»»هٹ،èژ·ه¾—ن½£é‡‘ï¼Œن»»هٹ،IDï¼ڑ151', '2026-03-17 18:54:02');
INSERT INTO `wallets_log` VALUES (431, 42, 35, 'YUAN520', 1, 1, 30, 790, 820, 'agent_commission', 151, 2, 'ن¸­è¯„è¯„è®؛', 'ن¸‹ç؛§ç”¨وˆ· liang520وک¯و™®é€ڑه›¢é•؟ ه®Œوˆگن»»هٹ،ï¼Œèژ·ه¾—و™®é€ڑه›¢é•؟ن½£é‡‘ï¼Œن»»هٹ،IDï¼ڑ151', '2026-03-17 18:54:02');
INSERT INTO `wallets_log` VALUES (432, 28, 22, 'SGYMQ', 1, 1, 160, 5200, 5360, 'second_agent_commission', 151, 2, 'ن¸­è¯„è¯„è®؛', 'ن¸‹ç؛§ç”¨وˆ· YUAN520 çڑ„ه›¢éکںوˆگه‘که®Œوˆگن»»هٹ،ï¼Œèژ·ه¾—ن؛Œç؛§ه›¢é•؟ن½£é‡‘ï¼Œن»»هٹ،IDï¼ڑ151', '2026-03-17 18:54:02');
INSERT INTO `wallets_log` VALUES (433, 71, 64, '987321147258', 1, 1, 80, 200, 280, 'commission', 139, 2, 'ن¸­è¯„è¯„è®؛', 'è‡ھهٹ¨ه®،و ¸é€ڑè؟‡ن»»هٹ،èژ·ه¾—ن½£é‡‘ï¼Œن»»هٹ،IDï¼ڑ139', '2026-03-17 18:54:02');
INSERT INTO `wallets_log` VALUES (434, 32, 26, '1158799864', 1, 1, 30, 230, 260, 'agent_commission', 139, 2, 'ن¸­è¯„è¯„è®؛', 'ن¸‹ç؛§ç”¨وˆ· 987321147258وک¯و™®é€ڑه›¢é•؟ ه®Œوˆگن»»هٹ،ï¼Œèژ·ه¾—و™®é€ڑه›¢é•؟ن½£é‡‘ï¼Œن»»هٹ،IDï¼ڑ139', '2026-03-17 18:54:02');
INSERT INTO `wallets_log` VALUES (435, 28, 22, 'SGYMQ', 1, 1, 160, 5360, 5520, 'second_agent_commission', 139, 2, 'ن¸­è¯„è¯„è®؛', 'ن¸‹ç؛§ç”¨وˆ· 1158799864 çڑ„ه›¢éکںوˆگه‘که®Œوˆگن»»هٹ،ï¼Œèژ·ه¾—ن؛Œç؛§ه›¢é•؟ن½£é‡‘ï¼Œن»»هٹ،IDï¼ڑ139', '2026-03-17 18:54:02');
INSERT INTO `wallets_log` VALUES (436, 2, 2, 'Ceshi1', 2, 2, 300, 49100, 48800, 'task', 155, 1, 'ن¸ٹè¯„è¯„è®؛', 'هڈ‘ه¸ƒن»»هٹ،م€گن¸ٹè¯„è¯„è®؛م€‘1ن¸ھن»»هٹ،ï¼Œو‰£é™¤ آ¥3.00', '2026-03-17 19:01:04');
INSERT INTO `wallets_log` VALUES (437, 2, 2, 'Ceshi1', 2, 2, 600, 48800, 48200, 'task', 156, 2, 'ن¸­è¯„è¯„è®؛', 'هڈ‘ه¸ƒن»»هٹ،م€گن¸­è¯„è¯„è®؛م€‘3ن¸ھن»»هٹ،ï¼Œو‰£é™¤ آ¥6.00', '2026-03-17 19:02:40');
INSERT INTO `wallets_log` VALUES (438, 74, 8, 'Ceshi0', 2, 1, 0, 0, 0, 'recharge', 23, NULL, NULL, 'ه……ه€¼ آ¥500.00ï¼ˆalipayï¼‰ï¼Œه®،و ¸ن¸­', '2026-03-17 19:28:43');
INSERT INTO `wallets_log` VALUES (439, 74, 8, 'Ceshi0', 2, 1, 50000, 0, 50000, 'recharge', 23, NULL, NULL, 'ه……ه€¼هˆ°è´¦ï¼ڑآ¥500.00', '2026-03-17 19:29:48');
INSERT INTO `wallets_log` VALUES (440, 2, 2, 'Ceshi1', 2, 2, 300, 48200, 47900, 'task', 157, 1, 'ن¸ٹè¯„è¯„è®؛', 'هڈ‘ه¸ƒن»»هٹ،م€گن¸ٹè¯„è¯„è®؛م€‘1ن¸ھن»»هٹ،ï¼Œو‰£é™¤ آ¥3.00', '2026-03-17 19:32:43');
INSERT INTO `wallets_log` VALUES (441, 2, 2, 'Ceshi1', 2, 2, 600, 47900, 47300, 'task', 158, 2, 'ن¸­è¯„è¯„è®؛', 'هڈ‘ه¸ƒن»»هٹ،م€گن¸­è¯„è¯„è®؛م€‘3ن¸ھن»»هٹ،ï¼Œو‰£é™¤ آ¥6.00', '2026-03-17 19:34:16');
INSERT INTO `wallets_log` VALUES (442, 74, 8, 'Ceshi0', 2, 2, 700, 50000, 49300, 'task', 159, 4, 'ن¸ٹن¸­è¯„è¯„è®؛', 'هڈ‘ه¸ƒن»»هٹ،م€گن¸ٹن¸­è¯„è¯„è®؛م€‘3ن¸ھن»»هٹ،ï¼Œو‰£é™¤ آ¥7.00', '2026-03-17 19:34:16');
INSERT INTO `wallets_log` VALUES (443, 2, 2, 'Ceshi1', 2, 2, 900, 47300, 46400, 'task', 161, 4, 'ن¸ٹن¸­è¯„è¯„è®؛', 'هڈ‘ه¸ƒن»»هٹ،م€گن¸ٹن¸­è¯„è¯„è®؛م€‘4ن¸ھن»»هٹ،ï¼Œو‰£é™¤ آ¥9.00', '2026-03-17 19:35:39');
INSERT INTO `wallets_log` VALUES (444, 74, 8, 'Ceshi0', 2, 2, 600, 49300, 48700, 'task', 163, 5, 'ن¸­ن¸‹è¯„è¯„è®؛', 'هڈ‘ه¸ƒن»»هٹ،م€گن¸­ن¸‹è¯„è¯„è®؛م€‘2ن¸ھن»»هٹ،ï¼Œو‰£é™¤ آ¥6.00', '2026-03-17 19:37:41');
INSERT INTO `wallets_log` VALUES (445, 2, 2, 'Ceshi1', 2, 2, 300, 46400, 46100, 'task', 165, 1, 'ن¸ٹè¯„è¯„è®؛', 'هڈ‘ه¸ƒن»»هٹ،م€گن¸ٹè¯„è¯„è®؛م€‘1ن¸ھن»»هٹ،ï¼Œو‰£é™¤ آ¥3.00', '2026-03-17 19:47:58');
INSERT INTO `wallets_log` VALUES (446, 74, 8, 'Ceshi0', 2, 2, 600, 48700, 48100, 'task', 166, 5, 'ن¸­ن¸‹è¯„è¯„è®؛', 'هڈ‘ه¸ƒن»»هٹ،م€گن¸­ن¸‹è¯„è¯„è®؛م€‘2ن¸ھن»»هٹ،ï¼Œو‰£é™¤ آ¥6.00', '2026-03-17 19:48:36');
INSERT INTO `wallets_log` VALUES (447, 2, 2, 'Ceshi1', 2, 2, 600, 46100, 45500, 'task', 168, 2, 'ن¸­è¯„è¯„è®؛', 'هڈ‘ه¸ƒن»»هٹ،م€گن¸­è¯„è¯„è®؛م€‘3ن¸ھن»»هٹ،ï¼Œو‰£é™¤ آ¥6.00', '2026-03-17 19:48:47');
INSERT INTO `wallets_log` VALUES (448, 70, 63, '123456yjx', 1, 1, 130, 200, 330, 'commission', 166, 5, 'ن¸­ن¸‹è¯„è¯„è®؛', 'è‡ھهٹ¨ه®،و ¸é€ڑè؟‡ن»»هٹ،èژ·ه¾—ن½£é‡‘ï¼Œن»»هٹ،IDï¼ڑ166', '2026-03-17 20:03:01');
INSERT INTO `wallets_log` VALUES (449, 42, 35, 'YUAN520', 1, 1, 45, 820, 865, 'agent_commission', 166, 5, 'ن¸­ن¸‹è¯„è¯„è®؛', 'ن¸‹ç؛§ç”¨وˆ· 123456yjxوک¯و™®é€ڑه›¢é•؟ ه®Œوˆگن»»هٹ،ï¼Œèژ·ه¾—و™®é€ڑه›¢é•؟ن½£é‡‘ï¼Œن»»هٹ،IDï¼ڑ166', '2026-03-17 20:03:01');
INSERT INTO `wallets_log` VALUES (450, 28, 22, 'SGYMQ', 1, 1, 240, 5520, 5760, 'second_agent_commission', 166, 5, 'ن¸­ن¸‹è¯„è¯„è®؛', 'ن¸‹ç؛§ç”¨وˆ· YUAN520 çڑ„ه›¢éکںوˆگه‘که®Œوˆگن»»هٹ،ï¼Œèژ·ه¾—ن؛Œç؛§ه›¢é•؟ن½£é‡‘ï¼Œن»»هٹ،IDï¼ڑ166', '2026-03-17 20:03:01');
INSERT INTO `wallets_log` VALUES (451, 70, 63, '123456yjx', 1, 1, 130, 330, 460, 'commission', 163, 5, 'ن¸­ن¸‹è¯„è¯„è®؛', 'è‡ھهٹ¨ه®،و ¸é€ڑè؟‡ن»»هٹ،èژ·ه¾—ن½£é‡‘ï¼Œن»»هٹ،IDï¼ڑ163', '2026-03-17 20:04:01');
INSERT INTO `wallets_log` VALUES (452, 42, 35, 'YUAN520', 1, 1, 45, 865, 910, 'agent_commission', 163, 5, 'ن¸­ن¸‹è¯„è¯„è®؛', 'ن¸‹ç؛§ç”¨وˆ· 123456yjxوک¯و™®é€ڑه›¢é•؟ ه®Œوˆگن»»هٹ،ï¼Œèژ·ه¾—و™®é€ڑه›¢é•؟ن½£é‡‘ï¼Œن»»هٹ،IDï¼ڑ163', '2026-03-17 20:04:01');
INSERT INTO `wallets_log` VALUES (453, 28, 22, 'SGYMQ', 1, 1, 240, 5760, 6000, 'second_agent_commission', 163, 5, 'ن¸­ن¸‹è¯„è¯„è®؛', 'ن¸‹ç؛§ç”¨وˆ· YUAN520 çڑ„ه›¢éکںوˆگه‘که®Œوˆگن»»هٹ،ï¼Œèژ·ه¾—ن؛Œç؛§ه›¢é•؟ن½£é‡‘ï¼Œن»»هٹ،IDï¼ڑ163', '2026-03-17 20:04:01');
INSERT INTO `wallets_log` VALUES (454, 70, 63, '123456yjx', 1, 1, 100, 460, 560, 'commission', 159, 4, 'ن¸ٹن¸­è¯„è¯„è®؛', 'è‡ھهٹ¨ه®،و ¸é€ڑè؟‡ن»»هٹ،èژ·ه¾—ن½£é‡‘ï¼Œن»»هٹ،IDï¼ڑ159', '2026-03-17 20:05:01');
INSERT INTO `wallets_log` VALUES (455, 42, 35, 'YUAN520', 1, 1, 50, 910, 960, 'agent_commission', 159, 4, 'ن¸ٹن¸­è¯„è¯„è®؛', 'ن¸‹ç؛§ç”¨وˆ· 123456yjxوک¯و™®é€ڑه›¢é•؟ ه®Œوˆگن»»هٹ،ï¼Œèژ·ه¾—و™®é€ڑه›¢é•؟ن½£é‡‘ï¼Œن»»هٹ،IDï¼ڑ159', '2026-03-17 20:05:01');
INSERT INTO `wallets_log` VALUES (456, 28, 22, 'SGYMQ', 1, 1, 240, 6000, 6240, 'second_agent_commission', 159, 4, 'ن¸ٹن¸­è¯„è¯„è®؛', 'ن¸‹ç؛§ç”¨وˆ· YUAN520 çڑ„ه›¢éکںوˆگه‘که®Œوˆگن»»هٹ،ï¼Œèژ·ه¾—ن؛Œç؛§ه›¢é•؟ن½£é‡‘ï¼Œن»»هٹ،IDï¼ڑ159', '2026-03-17 20:05:01');
INSERT INTO `wallets_log` VALUES (457, 70, 63, '123456yjx', 1, 1, 100, 560, 660, 'commission', 155, 1, 'ن¸ٹè¯„è¯„è®؛', 'è‡ھهٹ¨ه®،و ¸é€ڑè؟‡ن»»هٹ،èژ·ه¾—ن½£é‡‘ï¼Œن»»هٹ،IDï¼ڑ155', '2026-03-17 20:06:02');
INSERT INTO `wallets_log` VALUES (458, 42, 35, 'YUAN520', 1, 1, 50, 960, 1010, 'agent_commission', 155, 1, 'ن¸ٹè¯„è¯„è®؛', 'ن¸‹ç؛§ç”¨وˆ· 123456yjxوک¯و™®é€ڑه›¢é•؟ ه®Œوˆگن»»هٹ،ï¼Œèژ·ه¾—و™®é€ڑه›¢é•؟ن½£é‡‘ï¼Œن»»هٹ،IDï¼ڑ155', '2026-03-17 20:06:02');
INSERT INTO `wallets_log` VALUES (459, 28, 22, 'SGYMQ', 1, 1, 240, 6240, 6480, 'second_agent_commission', 155, 1, 'ن¸ٹè¯„è¯„è®؛', 'ن¸‹ç؛§ç”¨وˆ· YUAN520 çڑ„ه›¢éکںوˆگه‘که®Œوˆگن»»هٹ،ï¼Œèژ·ه¾—ن؛Œç؛§ه›¢é•؟ن½£é‡‘ï¼Œن»»هٹ،IDï¼ڑ155', '2026-03-17 20:06:02');
INSERT INTO `wallets_log` VALUES (460, 23, 18, 'xiaoya', 1, 1, 80, 0, 80, 'commission', 151, 2, 'ن¸­è¯„è¯„è®؛', 'ه®Œوˆگن»»هٹ،èژ·ه¾—ن½£é‡‘ï¼Œن»»هٹ،IDï¼ڑ151', '2026-03-17 20:13:08');
INSERT INTO `wallets_log` VALUES (461, 8, 5, 'test', 1, 1, 30, 0, 30, 'agent_commission', 151, 2, 'ن¸­è¯„è¯„è®؛', 'ن¸‹ç؛§ç”¨وˆ· xiaoya ه®Œوˆگن»»هٹ،ï¼Œèژ·ه¾—ن¸€ç؛§ه›¢é•؟ن½£é‡‘ï¼Œن»»هٹ،IDï¼ڑ151', '2026-03-17 20:13:08');
INSERT INTO `wallets_log` VALUES (462, 34, 27, 'mjj20100316', 1, 1, 130, 0, 130, 'commission', 167, 5, 'ن¸­ن¸‹è¯„è¯„è®؛', 'è‡ھهٹ¨ه®،و ¸é€ڑè؟‡ن»»هٹ،èژ·ه¾—ن½£é‡‘ï¼Œن»»هٹ،IDï¼ڑ167', '2026-03-17 20:56:02');
INSERT INTO `wallets_log` VALUES (463, 28, 22, 'SGYMQ', 1, 1, 240, 6480, 6720, 'agent_commission', 167, 5, 'ن¸­ن¸‹è¯„è¯„è®؛', 'ن¸‹ç؛§ç”¨وˆ· mjj20100316وک¯ه¤§ه›¢ه›¢é•؟ ه®Œوˆگن»»هٹ،ï¼Œèژ·ه¾—ن¸€ç؛§ه›¢é•؟ن½£é‡‘ï¼Œن»»هٹ،IDï¼ڑ167', '2026-03-17 20:56:02');
INSERT INTO `wallets_log` VALUES (464, 8, 5, 'test', 1, 1, 45, 30, 75, 'second_agent_commission', 167, 5, 'ن¸­ن¸‹è¯„è¯„è®؛', 'ن¸‹ç؛§ç”¨وˆ· SGYMQ çڑ„ه›¢éکںوˆگه‘که®Œوˆگن»»هٹ،ï¼Œèژ·ه¾—ن؛Œç؛§ه›¢é•؟ن½£é‡‘ï¼Œن»»هٹ،IDï¼ڑ167', '2026-03-17 20:56:02');
INSERT INTO `wallets_log` VALUES (465, 31, 25, 'na0430', 1, 1, 100, 0, 100, 'commission', 165, 1, 'ن¸ٹè¯„è¯„è®؛', 'è‡ھهٹ¨ه®،و ¸é€ڑè؟‡ن»»هٹ،èژ·ه¾—ن½£é‡‘ï¼Œن»»هٹ،IDï¼ڑ165', '2026-03-17 20:58:01');
INSERT INTO `wallets_log` VALUES (466, 28, 22, 'SGYMQ', 1, 1, 240, 6720, 6960, 'agent_commission', 165, 1, 'ن¸ٹè¯„è¯„è®؛', 'ن¸‹ç؛§ç”¨وˆ· na0430وک¯ه¤§ه›¢ه›¢é•؟ ه®Œوˆگن»»هٹ،ï¼Œèژ·ه¾—ن¸€ç؛§ه›¢é•؟ن½£é‡‘ï¼Œن»»هٹ،IDï¼ڑ165', '2026-03-17 20:58:01');
INSERT INTO `wallets_log` VALUES (467, 8, 5, 'test', 1, 1, 50, 75, 125, 'second_agent_commission', 165, 1, 'ن¸ٹè¯„è¯„è®؛', 'ن¸‹ç؛§ç”¨وˆ· SGYMQ çڑ„ه›¢éکںوˆگه‘که®Œوˆگن»»هٹ،ï¼Œèژ·ه¾—ن؛Œç؛§ه›¢é•؟ن½£é‡‘ï¼Œن»»هٹ،IDï¼ڑ165', '2026-03-17 20:58:01');
INSERT INTO `wallets_log` VALUES (468, 70, 63, '123456yjx', 1, 1, 100, 660, 760, 'commission', 157, 1, 'ن¸ٹè¯„è¯„è®؛', 'è‡ھهٹ¨ه®،و ¸é€ڑè؟‡ن»»هٹ،èژ·ه¾—ن½£é‡‘ï¼Œن»»هٹ،IDï¼ڑ157', '2026-03-17 21:02:01');
INSERT INTO `wallets_log` VALUES (469, 42, 35, 'YUAN520', 1, 1, 50, 1010, 1060, 'agent_commission', 157, 1, 'ن¸ٹè¯„è¯„è®؛', 'ن¸‹ç؛§ç”¨وˆ· 123456yjxوک¯و™®é€ڑه›¢é•؟ ه®Œوˆگن»»هٹ،ï¼Œèژ·ه¾—و™®é€ڑه›¢é•؟ن½£é‡‘ï¼Œن»»هٹ،IDï¼ڑ157', '2026-03-17 21:02:01');
INSERT INTO `wallets_log` VALUES (470, 28, 22, 'SGYMQ', 1, 1, 240, 6960, 7200, 'second_agent_commission', 157, 1, 'ن¸ٹè¯„è¯„è®؛', 'ن¸‹ç؛§ç”¨وˆ· YUAN520 çڑ„ه›¢éکںوˆگه‘که®Œوˆگن»»هٹ،ï¼Œèژ·ه¾—ن؛Œç؛§ه›¢é•؟ن½£é‡‘ï¼Œن»»هٹ،IDï¼ڑ157', '2026-03-17 21:02:01');
INSERT INTO `wallets_log` VALUES (471, 70, 63, '123456yjx', 1, 1, 100, 760, 860, 'commission', 148, 1, 'ن¸ٹè¯„è¯„è®؛', 'è‡ھهٹ¨ه®،و ¸é€ڑè؟‡ن»»هٹ،èژ·ه¾—ن½£é‡‘ï¼Œن»»هٹ،IDï¼ڑ148', '2026-03-17 21:03:01');
INSERT INTO `wallets_log` VALUES (472, 42, 35, 'YUAN520', 1, 1, 50, 1060, 1110, 'agent_commission', 148, 1, 'ن¸ٹè¯„è¯„è®؛', 'ن¸‹ç؛§ç”¨وˆ· 123456yjxوک¯و™®é€ڑه›¢é•؟ ه®Œوˆگن»»هٹ،ï¼Œèژ·ه¾—و™®é€ڑه›¢é•؟ن½£é‡‘ï¼Œن»»هٹ،IDï¼ڑ148', '2026-03-17 21:03:01');
INSERT INTO `wallets_log` VALUES (473, 28, 22, 'SGYMQ', 1, 1, 240, 7200, 7440, 'second_agent_commission', 148, 1, 'ن¸ٹè¯„è¯„è®؛', 'ن¸‹ç؛§ç”¨وˆ· YUAN520 çڑ„ه›¢éکںوˆگه‘که®Œوˆگن»»هٹ،ï¼Œèژ·ه¾—ن؛Œç؛§ه›¢é•؟ن½£é‡‘ï¼Œن»»هٹ،IDï¼ڑ148', '2026-03-17 21:03:01');
INSERT INTO `wallets_log` VALUES (474, 70, 63, '123456yjx', 1, 1, 100, 860, 960, 'commission', 161, 4, 'ن¸ٹن¸­è¯„è¯„è®؛', 'è‡ھهٹ¨ه®،و ¸é€ڑè؟‡ن»»هٹ،èژ·ه¾—ن½£é‡‘ï¼Œن»»هٹ،IDï¼ڑ161', '2026-03-17 21:05:02');
INSERT INTO `wallets_log` VALUES (475, 42, 35, 'YUAN520', 1, 1, 50, 1110, 1160, 'agent_commission', 161, 4, 'ن¸ٹن¸­è¯„è¯„è®؛', 'ن¸‹ç؛§ç”¨وˆ· 123456yjxوک¯و™®é€ڑه›¢é•؟ ه®Œوˆگن»»هٹ،ï¼Œèژ·ه¾—و™®é€ڑه›¢é•؟ن½£é‡‘ï¼Œن»»هٹ،IDï¼ڑ161', '2026-03-17 21:05:02');
INSERT INTO `wallets_log` VALUES (476, 28, 22, 'SGYMQ', 1, 1, 240, 7440, 7680, 'second_agent_commission', 161, 4, 'ن¸ٹن¸­è¯„è¯„è®؛', 'ن¸‹ç؛§ç”¨وˆ· YUAN520 çڑ„ه›¢éکںوˆگه‘که®Œوˆگن»»هٹ،ï¼Œèژ·ه¾—ن؛Œç؛§ه›¢é•؟ن½£é‡‘ï¼Œن»»هٹ،IDï¼ڑ161', '2026-03-17 21:05:02');
INSERT INTO `wallets_log` VALUES (477, 34, 27, 'mjj20100316', 1, 1, 80, 130, 210, 'commission', 160, 4, 'ن¸ٹن¸­è¯„è¯„è®؛', 'è‡ھهٹ¨ه®،و ¸é€ڑè؟‡ن»»هٹ،èژ·ه¾—ن½£é‡‘ï¼Œن»»هٹ،IDï¼ڑ160', '2026-03-17 21:15:02');
INSERT INTO `wallets_log` VALUES (478, 28, 22, 'SGYMQ', 1, 1, 160, 7680, 7840, 'agent_commission', 160, 4, 'ن¸ٹن¸­è¯„è¯„è®؛', 'ن¸‹ç؛§ç”¨وˆ· mjj20100316وک¯ه¤§ه›¢ه›¢é•؟ ه®Œوˆگن»»هٹ،ï¼Œèژ·ه¾—ن¸€ç؛§ه›¢é•؟ن½£é‡‘ï¼Œن»»هٹ،IDï¼ڑ160', '2026-03-17 21:15:02');
INSERT INTO `wallets_log` VALUES (479, 8, 5, 'test', 1, 1, 30, 125, 155, 'second_agent_commission', 160, 4, 'ن¸ٹن¸­è¯„è¯„è®؛', 'ن¸‹ç؛§ç”¨وˆ· SGYMQ çڑ„ه›¢éکںوˆگه‘که®Œوˆگن»»هٹ،ï¼Œèژ·ه¾—ن؛Œç؛§ه›¢é•؟ن½£é‡‘ï¼Œن»»هٹ،IDï¼ڑ160', '2026-03-17 21:15:02');
INSERT INTO `wallets_log` VALUES (480, 28, 22, 'SGYMQ', 1, 1, 240, 7840, 8080, 'commission', 149, 1, 'ن¸ٹè¯„è¯„è®؛', 'è‡ھهٹ¨ه®،و ¸é€ڑè؟‡ن»»هٹ،èژ·ه¾—ن½£é‡‘ï¼Œن»»هٹ،IDï¼ڑ149', '2026-03-17 21:23:02');
INSERT INTO `wallets_log` VALUES (481, 8, 5, 'test', 1, 1, 50, 155, 205, 'agent_commission', 149, 1, 'ن¸ٹè¯„è¯„è®؛', 'ن¸‹ç؛§ç”¨وˆ· SGYMQوک¯é«کç؛§ه›¢é•؟ ه®Œوˆگن»»هٹ،ï¼Œèژ·ه¾—é«کç؛§ه›¢é•؟ن½£é‡‘ï¼Œن»»هٹ،IDï¼ڑ149', '2026-03-17 21:23:02');
INSERT INTO `wallets_log` VALUES (482, 28, 22, 'SGYMQ', 1, 1, 240, 8080, 8320, 'commission', 150, 1, 'ن¸ٹè¯„è¯„è®؛', 'ه®Œوˆگن»»هٹ،èژ·ه¾—ن½£é‡‘ï¼Œن»»هٹ،IDï¼ڑ150', '2026-03-17 21:24:09');
INSERT INTO `wallets_log` VALUES (483, 8, 5, 'test', 1, 1, 50, 205, 255, 'agent_commission', 150, 1, 'ن¸ٹè¯„è¯„è®؛', 'ن¸‹ç؛§ç”¨وˆ· SGYMQ ه®Œوˆگن»»هٹ،ï¼Œèژ·ه¾—ن¸€ç؛§ه›¢é•؟ن½£é‡‘ï¼Œن»»هٹ،IDï¼ڑ150', '2026-03-17 21:24:09');
INSERT INTO `wallets_log` VALUES (484, 1, 1, 'Ceshi', 2, 1, 200, 41400, 41600, 'refund', 139, 0, '', 'ن»»هٹ،è؟‡وœںé€€و¬¾م€گن¸­è¯„è¯„è®؛م€‘ï¼Œوœھه®Œوˆگ 1 ن¸ھن»»هٹ،ï¼Œé€€و¬¾ آ¥2.00', '2026-03-17 21:40:01');
INSERT INTO `wallets_log` VALUES (485, 1, 1, 'Ceshi', 2, 2, 300, 41600, 41300, 'task', 169, 1, 'ن¸ٹè¯„è¯„è®؛', 'هڈ‘ه¸ƒن»»هٹ،م€گن¸ٹè¯„è¯„è®؛م€‘1ن¸ھن»»هٹ،ï¼Œو‰£é™¤ آ¥3.00', '2026-03-17 22:08:06');
INSERT INTO `wallets_log` VALUES (486, 2, 2, 'Ceshi1', 2, 2, 900, 45500, 44600, 'task', 170, 4, 'ن¸ٹن¸­è¯„è¯„è®؛', 'هڈ‘ه¸ƒن»»هٹ،م€گن¸ٹن¸­è¯„è¯„è®؛م€‘4ن¸ھن»»هٹ،ï¼Œو‰£é™¤ آ¥9.00', '2026-03-17 22:25:56');
INSERT INTO `wallets_log` VALUES (487, 28, 22, 'SGYMQ', 1, 1, 240, 8320, 8560, 'commission', 170, 4, 'ن¸ٹن¸­è¯„è¯„è®؛', 'ه®Œوˆگن»»هٹ،èژ·ه¾—ن½£é‡‘ï¼Œن»»هٹ،IDï¼ڑ170', '2026-03-17 22:29:29');
INSERT INTO `wallets_log` VALUES (488, 8, 5, 'test', 1, 1, 50, 255, 305, 'agent_commission', 170, 4, 'ن¸ٹن¸­è¯„è¯„è®؛', 'ن¸‹ç؛§ç”¨وˆ· SGYMQ ه®Œوˆگن»»هٹ،ï¼Œèژ·ه¾—ن¸€ç؛§ه›¢é•؟ن½£é‡‘ï¼Œن»»هٹ،IDï¼ڑ170', '2026-03-17 22:29:29');
INSERT INTO `wallets_log` VALUES (489, 60, 53, 'jjyhhhxsw', 1, 1, 100, 0, 100, 'commission', 169, 1, 'ن¸ٹè¯„è¯„è®؛', 'è‡ھهٹ¨ه®،و ¸é€ڑè؟‡ن»»هٹ،èژ·ه¾—ن½£é‡‘ï¼Œن»»هٹ،IDï¼ڑ169', '2026-03-17 23:08:01');
INSERT INTO `wallets_log` VALUES (490, 42, 35, 'YUAN520', 1, 1, 50, 1160, 1210, 'agent_commission', 169, 1, 'ن¸ٹè¯„è¯„è®؛', 'ن¸‹ç؛§ç”¨وˆ· jjyhhhxswوک¯و™®é€ڑه›¢é•؟ ه®Œوˆگن»»هٹ،ï¼Œèژ·ه¾—و™®é€ڑه›¢é•؟ن½£é‡‘ï¼Œن»»هٹ،IDï¼ڑ169', '2026-03-17 23:08:01');
INSERT INTO `wallets_log` VALUES (491, 28, 22, 'SGYMQ', 1, 1, 240, 8560, 8800, 'second_agent_commission', 169, 1, 'ن¸ٹè¯„è¯„è®؛', 'ن¸‹ç؛§ç”¨وˆ· YUAN520 çڑ„ه›¢éکںوˆگه‘که®Œوˆگن»»هٹ،ï¼Œèژ·ه¾—ن؛Œç؛§ه›¢é•؟ن½£é‡‘ï¼Œن»»هٹ،IDï¼ڑ169', '2026-03-17 23:08:01');
INSERT INTO `wallets_log` VALUES (492, 60, 53, 'jjyhhhxsw', 1, 1, 130, 100, 230, 'commission', 164, 5, 'ن¸­ن¸‹è¯„è¯„è®؛', 'è‡ھهٹ¨ه®،و ¸é€ڑè؟‡ن»»هٹ،èژ·ه¾—ن½£é‡‘ï¼Œن»»هٹ،IDï¼ڑ164', '2026-03-17 23:16:01');
INSERT INTO `wallets_log` VALUES (493, 42, 35, 'YUAN520', 1, 1, 45, 1210, 1255, 'agent_commission', 164, 5, 'ن¸­ن¸‹è¯„è¯„è®؛', 'ن¸‹ç؛§ç”¨وˆ· jjyhhhxswوک¯و™®é€ڑه›¢é•؟ ه®Œوˆگن»»هٹ،ï¼Œèژ·ه¾—و™®é€ڑه›¢é•؟ن½£é‡‘ï¼Œن»»هٹ،IDï¼ڑ164', '2026-03-17 23:16:01');
INSERT INTO `wallets_log` VALUES (494, 28, 22, 'SGYMQ', 1, 1, 240, 8800, 9040, 'second_agent_commission', 164, 5, 'ن¸­ن¸‹è¯„è¯„è®؛', 'ن¸‹ç؛§ç”¨وˆ· YUAN520 çڑ„ه›¢éکںوˆگه‘که®Œوˆگن»»هٹ،ï¼Œèژ·ه¾—ن؛Œç؛§ه›¢é•؟ن½£é‡‘ï¼Œن»»هٹ،IDï¼ڑ164', '2026-03-17 23:16:01');
INSERT INTO `wallets_log` VALUES (495, 60, 53, 'jjyhhhxsw', 1, 1, 80, 230, 310, 'commission', 168, 2, 'ن¸­è¯„è¯„è®؛', 'è‡ھهٹ¨ه®،و ¸é€ڑè؟‡ن»»هٹ،èژ·ه¾—ن½£é‡‘ï¼Œن»»هٹ،IDï¼ڑ168', '2026-03-17 23:22:01');
INSERT INTO `wallets_log` VALUES (496, 42, 35, 'YUAN520', 1, 1, 30, 1255, 1285, 'agent_commission', 168, 2, 'ن¸­è¯„è¯„è®؛', 'ن¸‹ç؛§ç”¨وˆ· jjyhhhxswوک¯و™®é€ڑه›¢é•؟ ه®Œوˆگن»»هٹ،ï¼Œèژ·ه¾—و™®é€ڑه›¢é•؟ن½£é‡‘ï¼Œن»»هٹ،IDï¼ڑ168', '2026-03-17 23:22:01');
INSERT INTO `wallets_log` VALUES (497, 28, 22, 'SGYMQ', 1, 1, 160, 9040, 9200, 'second_agent_commission', 168, 2, 'ن¸­è¯„è¯„è®؛', 'ن¸‹ç؛§ç”¨وˆ· YUAN520 çڑ„ه›¢éکںوˆگه‘که®Œوˆگن»»هٹ،ï¼Œèژ·ه¾—ن؛Œç؛§ه›¢é•؟ن½£é‡‘ï¼Œن»»هٹ،IDï¼ڑ168', '2026-03-17 23:22:01');
INSERT INTO `wallets_log` VALUES (498, 80, 72, 'zhang', 1, 1, 80, 0, 80, 'commission', 171, 4, 'ن¸ٹن¸­è¯„è¯„è®؛', 'è‡ھهٹ¨ه®،و ¸é€ڑè؟‡ن»»هٹ،èژ·ه¾—ن½£é‡‘ï¼Œن»»هٹ،IDï¼ڑ171', '2026-03-17 23:53:01');
INSERT INTO `wallets_log` VALUES (499, 32, 26, '1158799864', 1, 1, 30, 260, 290, 'agent_commission', 171, 4, 'ن¸ٹن¸­è¯„è¯„è®؛', 'ن¸‹ç؛§ç”¨وˆ· zhangوک¯و™®é€ڑه›¢é•؟ ه®Œوˆگن»»هٹ،ï¼Œèژ·ه¾—و™®é€ڑه›¢é•؟ن½£é‡‘ï¼Œن»»هٹ،IDï¼ڑ171', '2026-03-17 23:53:01');
INSERT INTO `wallets_log` VALUES (500, 28, 22, 'SGYMQ', 1, 1, 160, 9200, 9360, 'second_agent_commission', 171, 4, 'ن¸ٹن¸­è¯„è¯„è®؛', 'ن¸‹ç؛§ç”¨وˆ· 1158799864 çڑ„ه›¢éکںوˆگه‘که®Œوˆگن»»هٹ،ï¼Œèژ·ه¾—ن؛Œç؛§ه›¢é•؟ن½£é‡‘ï¼Œن»»هٹ،IDï¼ڑ171', '2026-03-17 23:53:01');
INSERT INTO `wallets_log` VALUES (501, 80, 72, 'zhang', 1, 1, 80, 80, 160, 'commission', 153, 2, 'ن¸­è¯„è¯„è®؛', 'è‡ھهٹ¨ه®،و ¸é€ڑè؟‡ن»»هٹ،èژ·ه¾—ن½£é‡‘ï¼Œن»»هٹ،IDï¼ڑ153', '2026-03-17 23:58:02');
INSERT INTO `wallets_log` VALUES (502, 32, 26, '1158799864', 1, 1, 30, 290, 320, 'agent_commission', 153, 2, 'ن¸­è¯„è¯„è®؛', 'ن¸‹ç؛§ç”¨وˆ· zhangوک¯و™®é€ڑه›¢é•؟ ه®Œوˆگن»»هٹ،ï¼Œèژ·ه¾—و™®é€ڑه›¢é•؟ن½£é‡‘ï¼Œن»»هٹ،IDï¼ڑ153', '2026-03-17 23:58:02');
INSERT INTO `wallets_log` VALUES (503, 28, 22, 'SGYMQ', 1, 1, 160, 9360, 9520, 'second_agent_commission', 153, 2, 'ن¸­è¯„è¯„è®؛', 'ن¸‹ç؛§ç”¨وˆ· 1158799864 çڑ„ه›¢éکںوˆگه‘که®Œوˆگن»»هٹ،ï¼Œèژ·ه¾—ن؛Œç؛§ه›¢é•؟ن½£é‡‘ï¼Œن»»هٹ،IDï¼ڑ153', '2026-03-17 23:58:02');
INSERT INTO `wallets_log` VALUES (504, 1, 1, 'Ceshi', 2, 1, 200, 41300, 41500, 'refund', 151, 0, '', 'ن»»هٹ،è؟‡وœںé€€و¬¾م€گن¸­è¯„è¯„è®؛م€‘ï¼Œوœھه®Œوˆگ 1 ن¸ھن»»هٹ،ï¼Œé€€و¬¾ آ¥2.00', '2026-03-18 14:07:01');
INSERT INTO `wallets_log` VALUES (505, 1, 1, 'Ceshi', 2, 1, 400, 41500, 41900, 'refund', 152, 0, '', 'ن»»هٹ،è؟‡وœںé€€و¬¾م€گن¸­è¯„è¯„è®؛م€‘ï¼Œوœھه®Œوˆگ 2 ن¸ھن»»هٹ،ï¼Œé€€و¬¾ آ¥4.00', '2026-03-18 14:07:01');
INSERT INTO `wallets_log` VALUES (506, 2, 2, 'Ceshi1', 2, 1, 600, 44600, 45200, 'refund', 156, 0, '', 'ن»»هٹ،è؟‡وœںé€€و¬¾م€گن¸­è¯„è¯„è®؛م€‘ï¼Œوœھه®Œوˆگ 3 ن¸ھن»»هٹ،ï¼Œé€€و¬¾ آ¥6.00', '2026-03-18 14:07:01');
INSERT INTO `wallets_log` VALUES (507, 2, 2, 'Ceshi1', 2, 1, 600, 45200, 45800, 'refund', 158, 0, '', 'ن»»هٹ،è؟‡وœںé€€و¬¾م€گن¸­è¯„è¯„è®؛م€‘ï¼Œوœھه®Œوˆگ 3 ن¸ھن»»هٹ،ï¼Œé€€و¬¾ آ¥6.00', '2026-03-18 14:07:01');
INSERT INTO `wallets_log` VALUES (508, 2, 2, 'Ceshi1', 2, 1, 600, 45800, 46400, 'refund', 162, 0, '', 'ن»»هٹ،è؟‡وœںé€€و¬¾م€گن¸ٹن¸­è¯„è¯„è®؛م€‘ï¼Œوœھه®Œوˆگ 3 ن¸ھن»»هٹ،ï¼Œé€€و¬¾ آ¥6.00', '2026-03-18 14:07:01');
INSERT INTO `wallets_log` VALUES (509, 2, 2, 'Ceshi1', 2, 1, 400, 46400, 46800, 'refund', 168, 0, '', 'ن»»هٹ،è؟‡وœںé€€و¬¾م€گن¸­è¯„è¯„è®؛م€‘ï¼Œوœھه®Œوˆگ 2 ن¸ھن»»هٹ،ï¼Œé€€و¬¾ آ¥4.00', '2026-03-18 14:07:01');
INSERT INTO `wallets_log` VALUES (510, 2, 2, 'Ceshi1', 2, 1, 400, 46800, 47200, 'refund', 171, 0, '', 'ن»»هٹ،è؟‡وœںé€€و¬¾م€گن¸ٹن¸­è¯„è¯„è®؛م€‘ï¼Œوœھه®Œوˆگ 2 ن¸ھن»»هٹ،ï¼Œé€€و¬¾ آ¥4.00', '2026-03-18 14:07:01');

-- ----------------------------
-- Table structure for withdraw_requests
-- ----------------------------
DROP TABLE IF EXISTS `withdraw_requests`;
CREATE TABLE `withdraw_requests`  (
  `id` bigint UNSIGNED NOT NULL AUTO_INCREMENT COMMENT 'وڈگçژ°ç”³è¯·ID',
  `user_id` bigint UNSIGNED NOT NULL COMMENT 'ç”¨وˆ·ID',
  `username` varchar(64) CHARACTER SET utf8mb4 COLLATE utf8mb4_unicode_ci NOT NULL COMMENT 'ç”¨وˆ·هگچï¼ˆه†—ن½™ه­—و®µï¼‰',
  `user_type` tinyint NOT NULL COMMENT 'ç”¨وˆ·ç±»ه‍‹ï¼ڑ1=Cç«¯ï¼Œ2=Bç«¯',
  `wallet_id` bigint UNSIGNED NOT NULL COMMENT 'é’±هŒ…ID',
  `amount` bigint NOT NULL DEFAULT 0 COMMENT 'وڈگçژ°é‡‘é¢‌ï¼ˆهچ•ن½چï¼ڑهˆ†ï¼‰',
  `fee_rate` decimal(5, 4) NOT NULL DEFAULT 0.0300 COMMENT 'و‰‹ç»­è´¹و¯”ن¾‹ï¼ˆه¦‚0.03=3%ï¼‰',
  `fee_amount` bigint NOT NULL DEFAULT 0 COMMENT 'و‰‹ç»­è´¹é‡‘é¢‌ï¼ˆهچ•ن½چï¼ڑهˆ†ï¼‰',
  `actual_amount` bigint NOT NULL DEFAULT 0 COMMENT 'ه®‍é™…هˆ°è´¦é‡‘é¢‌ï¼ˆهچ•ن½چï¼ڑهˆ†ï¼‰',
  `withdraw_method` varchar(32) CHARACTER SET utf8mb4 COLLATE utf8mb4_unicode_ci NOT NULL COMMENT 'و”¶و¬¾و–¹ه¼ڈï¼ڑalipay=و”¯ن»که®‌ï¼Œwechat=ه¾®ن؟،ï¼Œbank=é“¶è،Œهچ،ï¼Œusdt=USDT',
  `withdraw_account` varchar(200) CHARACTER SET utf8mb4 COLLATE utf8mb4_unicode_ci NOT NULL COMMENT 'و”¶و¬¾è´¦هڈ·/ن؟،وپ¯',
  `account_name` varchar(100) CHARACTER SET utf8mb4 COLLATE utf8mb4_unicode_ci NOT NULL DEFAULT '' COMMENT 'و”¶و¬¾ن؛؛ه§“هگچ',
  `log_id` bigint UNSIGNED NULL DEFAULT NULL COMMENT 'ه…³èپ”çڑ„é’±هŒ…وµپو°´ID',
  `status` tinyint NOT NULL DEFAULT 0 COMMENT 'ه®،و ¸çٹ¶و€پï¼ڑ0=ه¾…ه®،و ¸ï¼Œ1=ه®،و ¸é€ڑè؟‡ï¼Œ2=ه®،و ¸و‹’ç»‌',
  `reject_reason` varchar(500) CHARACTER SET utf8mb4 COLLATE utf8mb4_unicode_ci NULL DEFAULT NULL COMMENT 'و‹’ç»‌هژںه› ',
  `img_url` varchar(500) CHARACTER SET utf8mb4 COLLATE utf8mb4_unicode_ci NULL DEFAULT NULL COMMENT 'ه®،و ¸ه‡­è¯په›¾ç‰‡URLï¼ˆç®،çگ†ه‘که®،و ¸é€ڑè؟‡هگژن¸ٹن¼ ï¼‰',
  `admin_id` bigint UNSIGNED NULL DEFAULT NULL COMMENT 'ه®،و ¸ç®،çگ†ه‘کID',
  `reviewed_at` datetime NULL DEFAULT NULL COMMENT 'ه®،و ¸و—¶é—´',
  `created_at` datetime NOT NULL DEFAULT CURRENT_TIMESTAMP COMMENT 'ç”³è¯·و—¶é—´',
  PRIMARY KEY (`id`) USING BTREE,
  INDEX `idx_user_id`(`user_id` ASC) USING BTREE,
  INDEX `idx_user_type`(`user_type` ASC) USING BTREE,
  INDEX `idx_wallet_id`(`wallet_id` ASC) USING BTREE,
  INDEX `idx_log_id`(`log_id` ASC) USING BTREE,
  INDEX `idx_status`(`status` ASC) USING BTREE,
  INDEX `idx_created_at`(`created_at` ASC) USING BTREE
) ENGINE = InnoDB AUTO_INCREMENT = 5 CHARACTER SET = utf8mb4 COLLATE = utf8mb4_unicode_ci COMMENT = 'وڈگçژ°ç”³è¯·è،¨-éœ€è¦پç®،çگ†ه‘که®،و ¸' ROW_FORMAT = Dynamic;

-- ----------------------------
-- Records of withdraw_requests
-- ----------------------------

SET FOREIGN_KEY_CHECKS = 1;
